id,title,description,availability,availability_date,expiration_date,link,mobile_link,image_link,price,sale_price,sale_price_effective_date,identifier_exists,gtin,mpn,brand,product_highlight,product_detail,additional_image_link,condition,adult,color,size,size_type,size_system,gender,material,pattern,age_group,multipack,is bundle,unit_pricing_measure,unit_pricing_base_measure,energy_efficiency_class,min_energy_efficiency_class,max_energy_efficiency,item_group_id,video_link,virtual_model_link,cost_of_goods_sold
nyarlathotep-black-pharaoh-miniature,Nyarlathotep Black Pharaoh Miniature,"Bow before the Avatar of Nyarlathotep – The Black Pharaoh, a towering eldritch entity draped in flowing necrotic robes and accompanied by a monstrous servant. This sculpt captures the regal terror and cosmic authority of one of Lovecraft’s most enigmatic Outer Gods—perfect for display painters, horror RPG encounters, or collectors of dark fantasy art. ⚠️ Please Note: This listing is for an UNPAINTED and UNASSEMBLED resin miniature. The painted images shown are official promotional renders to showcase the sculpt’s detail and painting potential. ⚔️ About the MiniatureMajestic and terrifying avatar of Nyarlathotep in his Black Pharaoh aspect Flowing, skeletal‑infused robes with swirling supernatural motion Staff crowned with skulls and horned elements for a ritualistic presence Accompanying eldritch beast with tentacled visage and muscular anatomy Perfect centerpiece for cosmic horror displays, RPG bosses, or diorama builds 🧱 Print QualityPrinted in high-resolution resin for crisp, clean details Carefully cleaned and cured Supports removed with attention to preserving fine detail 📏 Available Sizes75mm (base to head) 135mm (base to head) Custom sizes are available upon request—please send a message for pricing and availability. 🎨 Perfect for Painters & Collectors This sculpt offers a dramatic mix of textures—flowing cloth, skeletal forms, horns, claws, and eldritch anatomy—making it ideal for OSL, cosmic color schemes, eerie glows, and high‑contrast display work. A true showpiece for any Lovecraftian collection. 📜 Licensing & CreditsThis miniature is officially licensed for physical sale. Sculpt & Design: NS Miniatures Promotional Images: Provided by NS Miniatures 📦 Shipping & HandlingSecurely packaged to prevent damage Processing times listed in shop policies",in_stock,,,https://emperiumforgeworks.com/shop/nyarlathotep-black-pharaoh-miniature,,https://amplify-d25csy1hf0rl22-ma-productimagesbucketf9909-b84mnfgiccm4.s3.us-east-1.amazonaws.com/products/nyarlathotep-black-pharaoh-miniature/1781361415776-black-pharaoh_front.jpg,26.50 USD,,,no,,nyarlathotep-black-pharaoh-miniature,Emperium Forgeworks,"""Unpainted resin miniature"", ""High-resolution resin print"", ""Horror collectible""",Category: Horror,"https://amplify-d25csy1hf0rl22-ma-productimagesbucketf9909-b84mnfgiccm4.s3.us-east-1.amazonaws.com/products/nyarlathotep-black-pharaoh-miniature/1781361415442-black-pharaoh_face.jpg,https://amplify-d25csy1hf0rl22-ma-productimagesbucketf9909-b84mnfgiccm4.s3.us-east-1.amazonaws.com/products/nyarlathotep-black-pharaoh-miniature/1781361415931-black-pharaoh_right.jpg,https://amplify-d25csy1hf0rl22-ma-productimagesbucketf9909-b84mnfgiccm4.s3.us-east-1.amazonaws.com/products/nyarlathotep-black-pharaoh-miniature/1781361416325-black-pharaoh_right2.jpg,https://amplify-d25csy1hf0rl22-ma-productimagesbucketf9909-b84mnfgiccm4.s3.us-east-1.amazonaws.com/products/nyarlathotep-black-pharaoh-miniature/1781361415036-black-pharaoh_back.jpg,https://amplify-d25csy1hf0rl22-ma-productimagesbucketf9909-b84mnfgiccm4.s3.us-east-1.amazonaws.com/products/nyarlathotep-black-pharaoh-miniature/1781361414333-black-pharaoh_size_comparison.jpg",new,no,,,,,,Resin,,adult,,,,,,,,,,,
abyssal-demon-lord-miniature,Abyssal Demon Lord Miniature,"Unleash an apex fiend onto your tabletop with this towering Demogorgon-inspired Abyssal Demon miniature. With two monstrous heads, powerful scaled musculature, and massive tentacled limbs erupting from its body, this creature commands immediate attention. Standing over 100mm tall on a rocky base, it’s an unforgettable centerpiece for painters, collectors, and high‑level tabletop encounters. ⚠️ Please Note: This listing is for an UNPAINTED resin miniature. The painted images shown are official promotional renders to showcase the sculpt’s detail and painting potential. ⚔️ About the MiniatureHigh‑detail two‑headed abyssal demon design Massive tentacles, scaled textures, and dynamic forward‑driving pose Stands on a sculpted rocky base for added presence Ideal for DnD, Pathfinder, and other fantasy tabletop RPGs Perfect for display painting or as a campaign‑defining boss monster 🧱 Print QualityPrinted in high-resolution resin for crisp, clean details Carefully cleaned and cured Supports removed with attention to preserving fine detail 📏 Available Sizes104mm Custom sizes are available upon request—please send a message for pricing and availability. 🎨 For HobbyistsThis model is a dream project for painters who enjoy dramatic textures—scales, ridges, tentacles, and layered anatomy. Its imposing silhouette and intricate surface detail make it a rewarding centerpiece for both experienced painters and ambitious newcomers. 📜 Licensing & CreditsThis miniature is officially licensed for physical sale. Sculpt & Design: Dungeon Master Shop Promotional Images: Provided by Dungeon Master Shop 📦 Shipping & HandlingSecurely packaged to prevent damage Processing times listed in shop policies",in_stock,,,https://emperiumforgeworks.com/shop/abyssal-demon-lord-miniature,,https://amplify-d25csy1hf0rl22-ma-productimagesbucketf9909-b84mnfgiccm4.s3.us-east-1.amazonaws.com/products/abyssal-demon-lord-miniature/1781356890830-Demogorgon__F__-_Com_Logo.png,59.99 USD,,,no,,abyssal-demon-lord-miniature,Emperium Forgeworks,"""Unpainted resin miniature"", ""High-resolution resin print"", ""Fantasy collectible""",Category: Fantasy,"https://amplify-d25csy1hf0rl22-ma-productimagesbucketf9909-b84mnfgiccm4.s3.us-east-1.amazonaws.com/products/abyssal-demon-lord-miniature/1781356896909-Demogorgon__C__-_Com_Logo.png,https://amplify-d25csy1hf0rl22-ma-productimagesbucketf9909-b84mnfgiccm4.s3.us-east-1.amazonaws.com/products/abyssal-demon-lord-miniature/1781356871527-DSC_7163.JPG,https://amplify-d25csy1hf0rl22-ma-productimagesbucketf9909-b84mnfgiccm4.s3.us-east-1.amazonaws.com/products/abyssal-demon-lord-miniature/1781356872356-DSC_7164.JPG,https://amplify-d25csy1hf0rl22-ma-productimagesbucketf9909-b84mnfgiccm4.s3.us-east-1.amazonaws.com/products/abyssal-demon-lord-miniature/1781356872921-DSC_7169.JPG,https://amplify-d25csy1hf0rl22-ma-productimagesbucketf9909-b84mnfgiccm4.s3.us-east-1.amazonaws.com/products/abyssal-demon-lord-miniature/1781356873573-DSC_7171.JPG,https://amplify-d25csy1hf0rl22-ma-productimagesbucketf9909-b84mnfgiccm4.s3.us-east-1.amazonaws.com/products/abyssal-demon-lord-miniature/1781356874032-DSC_7174.JPG,https://amplify-d25csy1hf0rl22-ma-productimagesbucketf9909-b84mnfgiccm4.s3.us-east-1.amazonaws.com/products/abyssal-demon-lord-miniature/1781356874646-left-side__1_.jpg,https://amplify-d25csy1hf0rl22-ma-productimagesbucketf9909-b84mnfgiccm4.s3.us-east-1.amazonaws.com/products/abyssal-demon-lord-miniature/1781356875198-left-side__2_.jpg",new,no,,,,,,Resin,,adult,,,,,,,,,,,
armored-knight-miniature,Armored Knight Miniature,"Stride into battle with this Armored Knight miniature — a heavily plated warrior wielding a massive greatsword and wrapped in a tattered, wind‑torn cape. This sculpt captures the weight, grit, and menace of a seasoned fighter, making it an ideal centerpiece for tabletop encounters or a dramatic display project for painters. ⚠️ Please Note: This listing is for an UNPAINTED resin miniature. The painted images shown are official promotional renders to showcase the sculpt’s detail and painting potential. ⚔️ About the Miniature Full plate armor with weathered, battle‑scarred detailing Massive greatsword raised in a dynamic, ready‑to‑strike pose Tattered cape flowing behind for added motion and drama Layered metal textures perfect for NMM or TMM painting styles Works as a knight, dark champion, elite guard, or boss encounter Ideal for DnD, Pathfinder, wargames, or display shelves 🧱 Print Quality Printed in high‑resolution resin for crisp, clean details Carefully cleaned and cured Supports removed with attention to preserving fine detail 📏 Available Sizes 32mm (standard tabletop scale) 40mm (heroic scale) 75mm (display scale) 150mm (statue size) Custom sizes are available upon request — please send a message for pricing and availability. 🎨 For Hobbyists This model is perfect for painters who love metallics, weathering, and dramatic lighting. The armor plates, torn cape, and greatsword offer excellent surfaces for edge highlights, rust effects, and high‑contrast shading. Great for both beginners and experienced painters. 📜 Licensing & Credits This miniature is officially licensed for physical sale. Sculpt & Design: Dungeon Master Shop Promotional Images: Provided by Dungeon Master Shop 📦 Shipping & Handling Securely packaged to prevent damage Fast shipping",in_stock,,,https://emperiumforgeworks.com/shop/armored-knight-miniature,,https://amplify-d25csy1hf0rl22-ma-productimagesbucketf9909-b84mnfgiccm4.s3.us-east-1.amazonaws.com/products/armored-knight-miniature/1781561478344-720X720-Cavaleiro__F__-_Com_Logo.png,10.99 USD,,,no,,armored-knight-miniature,Emperium Forgeworks,"""Unpainted resin miniature"", ""High-resolution resin print"", ""Fantasy collectible""",Category: Fantasy,https://amplify-d25csy1hf0rl22-ma-productimagesbucketf9909-b84mnfgiccm4.s3.us-east-1.amazonaws.com/products/armored-knight-miniature/1781561481156-720X720-Cavaleiro__C__-_Com_Logo.png,new,no,,,,,,Resin,,adult,,,,,,,,,,,
avatar-of-nyarlathotep,Avatar of Nyarlathotep,"👁️ About This Eldritch Avatar Descend into cosmic terror with the Avatar of Nyarlathotep – The Haunter of the Dark, a towering manifestation of madness perched upon crumbling gothic stone. This monstrous winged entity looms with predatory stillness, its alien anatomy twisting between demonic, insectoid, and otherworldly forms. Designed as a true centerpiece, this sculpt brings the dread of the Outer Gods directly to your tabletop, display shelf, or diorama. Whether you’re a horror RPG storyteller, a collector of the macabre, or a painter seeking dramatic textures and lighting opportunities, this avatar delivers an unforgettable presence. ⚠️ Please Note: This listing is for an UNPAINTED and UNASSEMBLED resin miniature. The painted images shown are official promotional renders to showcase the sculpt’s detail and painting potential. ⚔️ About the MiniatureMassive winged Outer God in a perched, stalking pose Multi‑layered wings, talons, and alien facial structures Gothic rooftop base with stonework, shingles, and graveyard elements Deep recesses and sharp edges ideal for OSL, cosmic hues, and high‑contrast schemes 🧱 Print QualityPrinted in high-resolution resin for crisp, clean details Carefully cleaned and cured Supports removed with attention to preserving fine detail Large models may ship in multiple parts for safe transport and easy assembly Light sanding may be required This model is provided unpainted 📏 Available Sizes150mm (base to head) 200mm (base to head) Custom sizes are available upon request—please send a message for pricing and availability. 🎨 Ideal for Painters & CollectorsThis sculpt offers a rich blend of textures: stone, wings, claws, alien carapace, and layered anatomy. Perfect for: Atmospheric lighting Cosmic color schemes Horror palettes Display‑grade contrast work A true showpiece for any eldritch collection. 📜 Licensing & CreditsThis miniature is officially licensed for physical sale. Sculpt & Design: NS Miniatures Promotional Images: Provided by NS Miniatures 📦 Shipping & HandlingSecurely packaged to prevent damage Processing times listed in shop policies",in_stock,,,https://emperiumforgeworks.com/shop/avatar-of-nyarlathotep,,https://amplify-d25csy1hf0rl22-ma-productimagesbucketf9909-b84mnfgiccm4.s3.us-east-1.amazonaws.com/products/avatar-of-nyarlathotep/1781361958870-avatar-of-nyarlathotep_size_comparison.jpg,74.99 USD,,,no,,avatar-of-nyarlathotep,Emperium Forgeworks,"""Unpainted resin miniature"", ""High-resolution resin print"", ""Horror collectible""",Category: Horror,"https://amplify-d25csy1hf0rl22-ma-productimagesbucketf9909-b84mnfgiccm4.s3.us-east-1.amazonaws.com/products/avatar-of-nyarlathotep/1781361959655-avatar-of-nyarlathotep_size_comparison2.jpg,https://amplify-d25csy1hf0rl22-ma-productimagesbucketf9909-b84mnfgiccm4.s3.us-east-1.amazonaws.com/products/avatar-of-nyarlathotep/1781361961478-avatar-of-nyarlathotep_front2.jpg,https://amplify-d25csy1hf0rl22-ma-productimagesbucketf9909-b84mnfgiccm4.s3.us-east-1.amazonaws.com/products/avatar-of-nyarlathotep/1781361961098-avatar-of-nyarlathotep_front_entire.jpg,https://amplify-d25csy1hf0rl22-ma-productimagesbucketf9909-b84mnfgiccm4.s3.us-east-1.amazonaws.com/products/avatar-of-nyarlathotep/1781361960581-avatar-of-nyarlathotep_front.jpg,https://amplify-d25csy1hf0rl22-ma-productimagesbucketf9909-b84mnfgiccm4.s3.us-east-1.amazonaws.com/products/avatar-of-nyarlathotep/1781361961948-avatar-of-nyarlathotep_rear.jpg,https://amplify-d25csy1hf0rl22-ma-productimagesbucketf9909-b84mnfgiccm4.s3.us-east-1.amazonaws.com/products/avatar-of-nyarlathotep/1781361960207-avatar-of-nyarlathotep_base.jpg,https://amplify-d25csy1hf0rl22-ma-productimagesbucketf9909-b84mnfgiccm4.s3.us-east-1.amazonaws.com/products/avatar-of-nyarlathotep/1781361960082-avatar-of-nyarlathotep_assembly.jpg",new,no,,,,,,Resin,,adult,,,,,,,,,,,
boar-riding-dwarf-miniature,Boar Riding Dwarf Miniature,"Charge into battle atop a roaring, armored war‑boar with this Boar‑Rider Dwarf miniature — a brutal, high‑detail sculpt featuring a horned warrior gripping a massive double‑bladed axe while his armored mount thunders forward. This piece is packed with texture, motion, and character, making it a standout choice for painters, collectors, and tabletop adventurers. ⚠️ Please Note: This listing is for an UNPAINTED resin miniature. The painted images shown are official promotional renders to showcase the sculpt’s detail and painting potential. ⚔️ About the Miniature Savage dwarf warrior riding an armored war‑boar Massive double‑bladed axe and engraved round shield Heavy fur and metal armor with horned helmet Boar mount features spiked plating, rivets, and battle‑worn textures Scenic base with rocks, grass, and environmental detail Perfect centerpiece for DnD, Pathfinder, wargames, or display shelves 🧱 Print Quality Printed in high‑resolution resin for crisp, clean details Carefully cleaned and cured Supports removed with attention to preserving fine detail 📏 Available Sizes 32mm (standard tabletop scale) 40mm (heroic scale) 75mm (display scale) 150mm (statue size) Custom sizes are available upon request — please send a message for pricing and availability. 🎨 For Hobbyists This model is a dream for painters who love texture: fur, leather, metal, wood grain, and creature armor all come together to create a dynamic, rewarding project. Ideal for both beginners and experienced painters looking for a dramatic display piece. 📜 Licensing & Credits This miniature is officially licensed for physical sale. Sculpt & Design: Dungeon Master Shop Promotional Images: Provided by Dungeon Master Shop 📦 Shipping & Handling Securely packaged to prevent damage Fast shipping",in_stock,,,https://emperiumforgeworks.com/shop/boar-riding-dwarf-miniature,,https://amplify-d25csy1hf0rl22-ma-productimagesbucketf9909-b84mnfgiccm4.s3.us-east-1.amazonaws.com/products/boar-riding-dwarf-miniature/1781552794509-An_o_Guerreiro_Javali__F__-_Com_Logo.png,10.99 USD,,,no,,boar-riding-dwarf-miniature,Emperium Forgeworks,"""Unpainted resin miniature"", ""High-resolution resin print"", ""Fantasy collectible""",Category: Fantasy,https://amplify-d25csy1hf0rl22-ma-productimagesbucketf9909-b84mnfgiccm4.s3.us-east-1.amazonaws.com/products/boar-riding-dwarf-miniature/1781552793909-An_o_Guerreiro_Javali__C__-_Com_Logo.png,new,no,,,,,,Resin,,adult,,,,,,,,,,,
demon-hunters-heavy-armor-squad,Demon Hunters Heavy Armor Squad,"From the vaults of forgotten crusades comes the Demon Hunters Heavy Armor Squad, a modular arsenal of sanctified war‑plate and relic steel. Every piece in this kit — every helm, every blade, every purity seal — carries the weight of warriors who stride into the abyss and dare it to blink. This is not a simple miniature. This is a kit basher's dream, a cathedral of options, a shrine of customization for those who build champions rather than merely assemble them. ⚠️ Please Note: This listing is for UNPAINTED resin miniatures. The painted images shown are official promotional renders to showcase the sculpt’s detail and painting potential. ⚔️ About the MiniaturesEverything shown in the images is included. Every piece is yours to command. Armored torsos engraved with runes of judgment and oath‑bound iconography Helmets ranging from knightly visors to arcane, soul‑warding masks Modular legs and arms for dynamic, righteous poses Relic blades, halberds, sanctified swords, heavy guns, pistols, and brutal close‑combat weapons Banners, purity seals, relic plates, and decorative armor trims for your zealots Backpacks, accessories, alternate loadouts, and enough bits to forge entire warbands 🧱 Print QualityPrinted in high-resolution resin for crisp, clean details Carefully cleaned and cured Supports removed with attention to preserving fine detail 📏 Available Sizes32mm (standard tabletop scale) Custom sizes are available upon request—please send a message for pricing and availability. 🎨 For HobbyistsPainters and kitbashers will find this kit a feast. The sculpt offers: Deep armor recesses for dramatic shading Clean planes for bold highlights Engraved runes and purity seals begging for OSL, glow effects, or weathering Cloth textures and layered plating perfect for advanced techniques Enough modularity to create dozens of unique warriors Whether you’re a beginner seeking a striking centerpiece or a veteran painter chasing the perfect grimdark glow, this kit rewards every brushstroke. 📜 Licensing & CreditsThis miniature is officially licensed for physical sale. Sculpt & Design: Eight Legs Miniatures Promotional Images: Provided by Eight Legs Miniatures 📦 Shipping & HandlingSecurely packaged to prevent damage Processing times listed in shop policies",in_stock,,,https://emperiumforgeworks.com/shop/demon-hunters-heavy-armor-squad,,https://amplify-d25csy1hf0rl22-ma-productimagesbucketf9909-b84mnfgiccm4.s3.us-east-1.amazonaws.com/products/demon-hunters-heavy-armor-squad/1783042873313-720X720-1.jpg,79.99 USD,,,no,,demon-hunters-heavy-armor-squad,Emperium Forgeworks,"""Unpainted resin miniature"", ""High-resolution resin print"", ""Sci-Fi collectible""",Category: Sci-Fi,https://amplify-d25csy1hf0rl22-ma-productimagesbucketf9909-b84mnfgiccm4.s3.us-east-1.amazonaws.com/products/demon-hunters-heavy-armor-squad/1783042873704-2.jpg,new,no,,,,,,Resin,,adult,,,,,,,,,,,
dimensional-shambler,Dimensional Shambler,"🌀Twisted horrors phasing between realities, the Dimensional Shamblers make for perfect boss monsters, elite encounters, or centerpiece display pieces. These are large 80–100mm resin miniatures, packed with sinewy detail and dynamic posing. ⚠️ Please Note: This listing is for an UNPAINTED resin miniature. The painted images shown are official promotional renders to showcase the sculpt’s detail and painting potential. ⚔️ About the MiniatureShambler (No Portal): a towering, fully‑formed creature. Shambler (With Portal): emerging mid‑rift, ideal for spell effects or dimensional breaches. 🧱 Print QualityPrinted in high-resolution resin for crisp, clean details Carefully cleaned and cured Supports removed with attention to preserving fine detail 📏 Available SizesDesigned in 32mm scale based on a standard human reference Final height: 80–100mm from base to top (oversized monster) Scale may vary between models to accurately reflect different poses and proportions Custom sizes are available upon request—please send a message for pricing and availability. 🎨 Perfect ForTabletop RPGs (D&D, Pathfinder, etc.) Grimdark and cosmic‑horror encounters Painters seeking a dramatic centerpiece Display pieces and collection builds 📜 Licensing & CreditsThis miniature is officially licensed for physical sale. Sculpt & Design: NS Miniatures Promotional Images: Provided by NS Miniatures 📦 Shipping & HandlingSecurely packaged to prevent damage Processing times listed in shop policies",in_stock,,,https://emperiumforgeworks.com/shop/dimensional-shambler,,https://amplify-d25csy1hf0rl22-ma-productimagesbucketf9909-b84mnfgiccm4.s3.us-east-1.amazonaws.com/products/dimensional-shambler/1781381934253-720X720-11.jpg,14.99 USD,,,no,,dimensional-shambler,Emperium Forgeworks,"""Unpainted resin miniature"", ""High-resolution resin print"", ""Horror collectible""",Category: Horror,"https://amplify-d25csy1hf0rl22-ma-productimagesbucketf9909-b84mnfgiccm4.s3.us-east-1.amazonaws.com/products/dimensional-shambler/1781381934890-720X720-01.jpg,https://amplify-d25csy1hf0rl22-ma-productimagesbucketf9909-b84mnfgiccm4.s3.us-east-1.amazonaws.com/products/dimensional-shambler/1781381935019-720X720-02.jpg,https://amplify-d25csy1hf0rl22-ma-productimagesbucketf9909-b84mnfgiccm4.s3.us-east-1.amazonaws.com/products/dimensional-shambler/1781381935198-720X720-04.jpg,https://amplify-d25csy1hf0rl22-ma-productimagesbucketf9909-b84mnfgiccm4.s3.us-east-1.amazonaws.com/products/dimensional-shambler/1781381935326-720X720-06.jpg,https://amplify-d25csy1hf0rl22-ma-productimagesbucketf9909-b84mnfgiccm4.s3.us-east-1.amazonaws.com/products/dimensional-shambler/1781381935768-720X720-07.jpg,https://amplify-d25csy1hf0rl22-ma-productimagesbucketf9909-b84mnfgiccm4.s3.us-east-1.amazonaws.com/products/dimensional-shambler/1781381936206-720X720-08.jpg,https://amplify-d25csy1hf0rl22-ma-productimagesbucketf9909-b84mnfgiccm4.s3.us-east-1.amazonaws.com/products/dimensional-shambler/1781381936655-720X720-10.jpg",new,no,,,,,,Resin,,adult,,,,,,,,,,,
chaplain-elite-exterminators-miniature-sci-fi-armored-warrior-42mm-resin-model-power-sword-claw,Exterminator Battle Chaplain,"Strike fear into the battlefield with the Executioner, an elite warrior of the Exterminators—a towering figure clad in ornate power armor and armed for swift, brutal justice. With its raised blade and clawed gauntlet, this miniature embodies precision, strength, and grim determination—perfect for collectors, painters, and tabletop commanders seeking a centerpiece model. ⚠️ Please NoteThis listing is for an UNPAINTED and UNASSEMBLED resin miniature. ⚔️ About the MiniatureHeavily armored Exterminator elite design Includes Power Sword and Power Claw Intricate armor detailing: skull motifs, winged insignias, and layered plating Backpack power unit and reinforced shoulder armor Perfect for display painting, conversions, or tabletop hero units This item is for 1 terminator with all of the parts shown in the photos 🧱 Print QualityPrinted in high‑resolution resin for crisp, sharp detail Thoroughly cleaned and fully cured Supports removed with attention to fine features Ready for priming and painting 📏 Available Sizes42mm (standard elite scale) Custom sizes are available—message for pricing and availability. 🎨 Perfect for Painters & CollectorsThis sculpt offers a rich mix of textures ideal for advanced painting techniques such as edge highlighting, weathering, and metallic shading. A commanding centerpiece for any sci‑fi army or display shelf. 📦 ShippingSecure packaging to protect delicate parts Combined shipping available for multiple items",in_stock,,,https://emperiumforgeworks.com/shop/chaplain-elite-exterminators-miniature-sci-fi-armored-warrior-42mm-resin-model-power-sword-claw,,https://amplify-d25csy1hf0rl22-ma-productimagesbucketf9909-b84mnfgiccm4.s3.us-east-1.amazonaws.com/products/chaplain-elite-exterminators-miniature-sci-fi-armored-warrior-42mm-resin-model-power-sword-claw/1781292101316-chaplain_1.jpg,12.99 USD,,,no,,chaplain-elite-exterminators-miniature-sci-fi-armored-warrior-42mm-resin-model-power-sword-claw,Emperium Forgeworks,"""Unpainted resin miniature"", ""High-resolution resin print"", ""Sci-Fi collectible""",Category: Sci-Fi,"https://amplify-d25csy1hf0rl22-ma-productimagesbucketf9909-b84mnfgiccm4.s3.us-east-1.amazonaws.com/products/chaplain-elite-exterminators-miniature-sci-fi-armored-warrior-42mm-resin-model-power-sword-claw/1781292104729-chaplain_2.jpg,https://amplify-d25csy1hf0rl22-ma-productimagesbucketf9909-b84mnfgiccm4.s3.us-east-1.amazonaws.com/products/chaplain-elite-exterminators-miniature-sci-fi-armored-warrior-42mm-resin-model-power-sword-claw/1781292129101-back-right.JPG,https://amplify-d25csy1hf0rl22-ma-productimagesbucketf9909-b84mnfgiccm4.s3.us-east-1.amazonaws.com/products/chaplain-elite-exterminators-miniature-sci-fi-armored-warrior-42mm-resin-model-power-sword-claw/1781292122841-DSC_6992_edited.JPG,https://amplify-d25csy1hf0rl22-ma-productimagesbucketf9909-b84mnfgiccm4.s3.us-east-1.amazonaws.com/products/chaplain-elite-exterminators-miniature-sci-fi-armored-warrior-42mm-resin-model-power-sword-claw/1781292126483-DSC_7009_edited.JPG,https://amplify-d25csy1hf0rl22-ma-productimagesbucketf9909-b84mnfgiccm4.s3.us-east-1.amazonaws.com/products/chaplain-elite-exterminators-miniature-sci-fi-armored-warrior-42mm-resin-model-power-sword-claw/1781292114363-chaplain_duo.jpg",new,no,,,,,,Resin,,adult,,,,,,,,,,,
5-pack-exterminator-miniatures-sci-fi-armored-wargame-figures,Exterminators,"A full squad of 5 Exterminators—heavy sci-fi armored infantry perfect for grimdark tabletop battles or display painting. Each figure is highly detailed, durable, and 3D printed for crisp, clean results. Bring elite firepower to your tabletop with this Exterminator squad. Designed with thick armor plating, heroic proportions, and dynamic poses, these miniatures make excellent proxies, kitbash bases, or standout additions to any sci-fi army. ⚠️ Unpainted and unassembled resin miniatures. What’s Included5 unique Exterminator miniatures Heroic sci-fi heavy armor style High-detail resin 3D prints Ready to paint ImportantMiniatures are supplied unassembled and unpainted to preserve fine details, ensure safe shipping, and allow for customization. Perfect ForTabletop wargaming Grimdark sci-fi armies Painters and collectors Dioramas and display pieces Proxy units or custom chapters Sizing & Scale40-42mm heroic scale Quality & MaterialPrinted in high-resolution resin Clean, crisp details Supports removed and lightly cleaned Unpainted, ready for primer Shipping & Guarantee Your models are packaged securely to prevent damage. If anything arrives broken, message me within 7 days with a photo and I’ll replace the part.",in_stock,,,https://emperiumforgeworks.com/shop/5-pack-exterminator-miniatures-sci-fi-armored-wargame-figures,,https://amplify-d25csy1hf0rl22-ma-productimagesbucketf9909-b84mnfgiccm4.s3.us-east-1.amazonaws.com/products/5-pack-exterminator-miniatures-sci-fi-armored-wargame-figures/1781291110972-group.jpg,10.99 USD,,,no,,5-pack-exterminator-miniatures-sci-fi-armored-wargame-figures,Emperium Forgeworks,"""Unpainted resin miniature"", ""High-resolution resin print"", ""Sci-Fi collectible""",Category: Sci-Fi,"https://amplify-d25csy1hf0rl22-ma-productimagesbucketf9909-b84mnfgiccm4.s3.us-east-1.amazonaws.com/products/5-pack-exterminator-miniatures-sci-fi-armored-wargame-figures/1781291119203-term-1.jpg,https://amplify-d25csy1hf0rl22-ma-productimagesbucketf9909-b84mnfgiccm4.s3.us-east-1.amazonaws.com/products/5-pack-exterminator-miniatures-sci-fi-armored-wargame-figures/1781291122567-term-2.jpg,https://amplify-d25csy1hf0rl22-ma-productimagesbucketf9909-b84mnfgiccm4.s3.us-east-1.amazonaws.com/products/5-pack-exterminator-miniatures-sci-fi-armored-wargame-figures/1781291125319-term-3.jpg,https://amplify-d25csy1hf0rl22-ma-productimagesbucketf9909-b84mnfgiccm4.s3.us-east-1.amazonaws.com/products/5-pack-exterminator-miniatures-sci-fi-armored-wargame-figures/1781291129810-term-5.jpg,https://amplify-d25csy1hf0rl22-ma-productimagesbucketf9909-b84mnfgiccm4.s3.us-east-1.amazonaws.com/products/5-pack-exterminator-miniatures-sci-fi-armored-wargame-figures/1781291131913-term4.jpg",new,no,,,,,,Resin,,adult,,,,,,,,,,,
female-samurai,Female Samurai,"Strike from the shadows with this Female Samurai miniature — a poised, deadly warrior captured mid‑kneel, blade drawn and ready to strike. With flowing robes, ornate armor, and a fierce expression, this sculpt delivers a perfect blend of elegance and lethality for painters, collectors, and tabletop adventurers. ⚠️ Please Note: This listing is for an UNPAINTED resin miniature. The painted images shown are official promotional renders to showcase the sculpt’s detail and painting potential. ⚔️ About the MiniatureDynamic kneeling samurai pose with drawn katana Flowing layered robes with crisp fabric texture Ornate shoulder armor featuring beast‑head motif High‑detail hair sculpt with tied ponytail Perfect for DnD, Pathfinder, L5R, and fantasy RPGs Excellent centerpiece or character model for painters 🧱 Print QualityPrinted in high-resolution resin for crisp, clean details Carefully cleaned and cured Supports removed with attention to preserving fine detail 📏 Available Sizes32mm (standard tabletop scale) 40mm (heroic scale) 75mm (display scale) 150mm (statue size) Custom sizes are available upon request—please send a message for pricing and availability. 🎨 For HobbyistsThis model is perfect for painters looking to bring a fierce character to life. The detailed musculature, cloth wraps, and armor textures make it a rewarding piece for both beginners and experienced painters. 📜 Licensing & CreditsThis miniature is officially licensed for physical sale. Sculpt & Design: Promotional Images: Provided by 📦 Shipping & HandlingSecurely packaged to prevent damage Processing times listed in shop policies",in_stock,,,https://emperiumforgeworks.com/shop/female-samurai,,https://amplify-d25csy1hf0rl22-ma-productimagesbucketf9909-b84mnfgiccm4.s3.us-east-1.amazonaws.com/products/female-samurai/1781545160591-720X720-Sanurai__F__-_Com_Logo.png,10.99 USD,,,no,,female-samurai,Emperium Forgeworks,"""Unpainted resin miniature"", ""High-resolution resin print"", ""Fantasy collectible""",Category: Fantasy,https://amplify-d25csy1hf0rl22-ma-productimagesbucketf9909-b84mnfgiccm4.s3.us-east-1.amazonaws.com/products/female-samurai/1781545161006-720X720-Sanurai__C__-_Com_Logo.png,new,no,,,,,,Resin,,adult,,,,,,,,,,,
female-samurai-miniature-dual-katana-warrior-resin-figure-unpainted,Female Samurai Miniature,"Strike from the shadows with this Female Samurai miniature, a graceful yet deadly warrior armed with dual katanas and an unmistakable presence. Blending elegance and lethality, this sculpt captures a poised fighter ready for action—perfect for tabletop RPGs, painting projects, or display. ⚠️ Please Note: This listing is for an UNPAINTED resin miniature. The painted images shown are official promotional renders to showcase the sculpt’s detail and painting potential. ⚔️ About the MiniatureHighly detailed female samurai/ronin design Dual katana swords with dynamic posing Flowing garments and layered textures for advanced painting Wide-brim hat and asymmetrical outfit for a unique silhouette Ideal for DnD, Pathfinder, and other tabletop RPGs 🧱 Print QualityPrinted in high-resolution resin for crisp, clean details Carefully cleaned and cured Supports removed with attention to preserving fine detail 📏 Available Sizes32mm (standard tabletop scale) 40mm 75mm (display scale) 150mm (statue size) Custom sizes are available upon request—please send a message for pricing and availability. 🎨 Perfect for PaintersThis miniature offers a fantastic mix of smooth surfaces and fine detail—from flowing cloth to weapon finishes—making it ideal for both subtle shading and high-contrast styles. 📜 Licensing & CreditsThis miniature is officially licensed for physical sale. Sculpt & Design: Dungeon Master Shop Promotional Images: Provided by Dungeon Master Shop 📦 Shipping & HandlingSecurely packaged to prevent damage Processing times listed in shop policies",in_stock,,,https://emperiumforgeworks.com/shop/female-samurai-miniature-dual-katana-warrior-resin-figure-unpainted,,https://amplify-d25csy1hf0rl22-ma-productimagesbucketf9909-b84mnfgiccm4.s3.us-east-1.amazonaws.com/products/female-samurai-miniature-dual-katana-warrior-resin-figure-unpainted/1781321247608-720X720-Samurai_Humana__F__-_Com_Logo.png,10.99 USD,,,no,,female-samurai-miniature-dual-katana-warrior-resin-figure-unpainted,Emperium Forgeworks,"""Unpainted resin miniature"", ""High-resolution resin print"", ""Fantasy collectible""",Category: Fantasy,https://amplify-d25csy1hf0rl22-ma-productimagesbucketf9909-b84mnfgiccm4.s3.us-east-1.amazonaws.com/products/female-samurai-miniature-dual-katana-warrior-resin-figure-unpainted/1781321250297-720X720-Samurai_Humana__C__-_Com_Logo.png,new,no,,,,,,Resin,,adult,,,,,,,,,,,
frostland-berserker,Frostland Berserker,"A savage warrior forged in the frozen north. This Berserker charges into battle with raw fury, dual‑wielding brutal axes and wrapped in furs, runes, and tribal markings. Sculpted with powerful anatomy, expressive rage, and a dramatic snow‑covered base, this miniature is perfect for barbarian characters, frostland champions, or centerpiece display projects. ⚠️ Please Note: This listing is for an UNPAINTED resin miniature. The painted images shown are official promotional renders to showcase the sculpt’s detail and painting potential. ⚔️ About the MiniatureHighly detailed muscular anatomy with a powerful barbarian physique Dual‑wielding axes with rugged, battle‑worn design Fur cloak, tribal runes, and northern warrior aesthetic Horned helmet with a bold, imposing silhouette Roaring expression full of rage and intensity Scenic snow‑covered base with ice crystals and frozen terrain 🧱 Print QualityPrinted in high-resolution resin for crisp, clean details Carefully cleaned and cured Supports removed with attention to preserving fine detail 📏 Available Sizes32mm (standard tabletop scale) 40mm (heroic scale) 75mm (display scale) 150mm (statue size) Custom sizes are available upon request—please send a message for pricing and availability. 🎨 For RPG Gamers wanting:Barbarian characters Human berserkers Tribal warriors Frostlands champions Display painting projects 📜 Licensing & CreditsThis miniature is officially licensed for physical sale. Sculpt & Design: The Dungeon Master Shop Promotional Images: Provided by The Dungeon Master Shop 📦 Shipping & HandlingSecurely packaged to prevent damage Processing times listed in shop policies",in_stock,,,https://emperiumforgeworks.com/shop/frostland-berserker,,https://amplify-d25csy1hf0rl22-ma-productimagesbucketf9909-b84mnfgiccm4.s3.us-east-1.amazonaws.com/products/frostland-berserker/1781355954015-720X720-Barbaro_-_Humano__F__-_Com_Logo.png,10.99 USD,,,no,,frostland-berserker,Emperium Forgeworks,"""Unpainted resin miniature"", ""High-resolution resin print"", ""Fantasy collectible""",Category: Fantasy,https://amplify-d25csy1hf0rl22-ma-productimagesbucketf9909-b84mnfgiccm4.s3.us-east-1.amazonaws.com/products/frostland-berserker/1781355956523-720X720-Barbaro_-_Humano__C__-_Com_Logo.png,new,no,,,,,,Resin,,adult,,,,,,,,,,,
ghatanothoa-miniature-set,Ghatanothoa Miniature Set,"Unearth a relic of impossible antiquity. This handcrafted resin collection brings to life Ghatanothoa—the petrifying god‑thing sealed beneath the volcanic tombs of Mu. Known in the Cthulhu Mythos for its horrific mummifying gaze, Ghatanothoa is depicted here in towering, grotesque detail as a true centerpiece model worthy of any cosmic‑horror display. ⚠️ Please Note: This listing is for an UNPAINTED resin miniature. The painted images shown are official promotional renders to showcase the sculpt’s detail and painting potential. ⚔️ About the Miniature🜏 Ghatanothoa — The Centerpiece (120–140mm)A massive, multi‑plate print capturing the god’s writhing anatomy, layered carapace, and multi‑eyed visage. A true display piece for painters, collectors, and Mythos enthusiasts. 🜍 Temple Ruins — Pillars & Debris (27–56mm)Broken and intact pillars featuring ancient carvings, weathered stone textures, and thematic basing elements. THE PETRIFIED CHOIRDevotees frozen in eternal worship. High Oracle of Mu – 45mm Pillar‑Bound Acolyte – 53mm Living Effigy Bearer – 41mm The Chanting Twins – 35mm THE DOOMED EXPEDITIONThose who sought forbidden knowledge… and paid the price. Miskatonic Archaeologist – 32mm Occult Scholar – 42mm Occult Investigator – 46mm Photographer of Forbidden Truth – 41mm 🧱 Print QualityPrinted in high-resolution resin for crisp, clean details Carefully cleaned and cured Supports removed with attention to preserving fine detail 🎨 For collectors who build full scenes and dramatic displays. Ghatanothoa is the commanding centerpiece, while the occultists and the doomed expedition figures provide scale, tension, and storytelling depth. Together, they form a cohesive collection that looks incredible on a shelf, in a case, or as the foundation of a large diorama. 📜 Licensing & CreditsThis miniature is officially licensed for physical sale. Sculpt & Design: NSMiniatures Promotional Images: Provided by NSMiniatures 📦 Shipping & HandlingSecurely packaged to prevent damage Processing times listed in shop policies",in_stock,,,https://emperiumforgeworks.com/shop/ghatanothoa-miniature-set,,https://amplify-d25csy1hf0rl22-ma-productimagesbucketf9909-b84mnfgiccm4.s3.us-east-1.amazonaws.com/products/ghatanothoa-miniature-set/1781382368465-Cover.jpg,9.99 USD,,,no,,ghatanothoa-miniature-set,Emperium Forgeworks,"""Unpainted resin miniature"", ""High-resolution resin print"", ""Horror collectible""",Category: Horror,"https://amplify-d25csy1hf0rl22-ma-productimagesbucketf9909-b84mnfgiccm4.s3.us-east-1.amazonaws.com/products/ghatanothoa-miniature-set/1781382349492-Ghatanothoa2.jpg,https://amplify-d25csy1hf0rl22-ma-productimagesbucketf9909-b84mnfgiccm4.s3.us-east-1.amazonaws.com/products/ghatanothoa-miniature-set/1781382349986-Ghatanothoa3.jpg,https://amplify-d25csy1hf0rl22-ma-productimagesbucketf9909-b84mnfgiccm4.s3.us-east-1.amazonaws.com/products/ghatanothoa-miniature-set/1781382352037-pillar-56mm.jpg,https://amplify-d25csy1hf0rl22-ma-productimagesbucketf9909-b84mnfgiccm4.s3.us-east-1.amazonaws.com/products/ghatanothoa-miniature-set/1781382351917-pillar-27mm.jpg,https://amplify-d25csy1hf0rl22-ma-productimagesbucketf9909-b84mnfgiccm4.s3.us-east-1.amazonaws.com/products/ghatanothoa-miniature-set/1781382426125-petrified-choir1.jpg,https://amplify-d25csy1hf0rl22-ma-productimagesbucketf9909-b84mnfgiccm4.s3.us-east-1.amazonaws.com/products/ghatanothoa-miniature-set/1781382426285-petrified-twins1.jpg,https://amplify-d25csy1hf0rl22-ma-productimagesbucketf9909-b84mnfgiccm4.s3.us-east-1.amazonaws.com/products/ghatanothoa-miniature-set/1781382349094-pillar-bound.jpg,https://amplify-d25csy1hf0rl22-ma-productimagesbucketf9909-b84mnfgiccm4.s3.us-east-1.amazonaws.com/products/ghatanothoa-miniature-set/1781382425572-mummy1.jpg,https://amplify-d25csy1hf0rl22-ma-productimagesbucketf9909-b84mnfgiccm4.s3.us-east-1.amazonaws.com/products/ghatanothoa-miniature-set/1781382425724-mummy2.jpg,https://amplify-d25csy1hf0rl22-ma-productimagesbucketf9909-b84mnfgiccm4.s3.us-east-1.amazonaws.com/products/ghatanothoa-miniature-set/1781382425845-mummy3.jpg",new,no,,,,,,Resin,,adult,,,,,,,,,,,
half-orc-fighter,Half-Orc Fighter Miniature,"Unleash raw strength at your tabletop with this Half-Orc Fighter miniature, a powerful warrior captured mid-stance and ready for battle. With a commanding pose and finely sculpted details, this model is perfect for painters, collectors, and tabletop adventurers alike. ⚠️ Please Note: This listing is for an UNPAINTED resin miniature. The painted images shown are official promotional renders to showcase the sculpt’s detail and painting potential. ⚔️ About the Miniature High-detail Half-Orc female fighter/barbarian design Dynamic pose with elevated stance on a sculpted stone base Ideal for DnD, Pathfinder, and other tabletop RPGs Perfect for hobby painting or display 🧱 Print Quality Printed in high-resolution resin for crisp, clean details Carefully cleaned and cured Supports removed with attention to preserving fine detail 📏 Available Sizes 32mm (standard tabletop scale) 54mm 75mm (display scale) 150mm Custom sizes are available upon request—please send a message for pricing and availability. 🎨 For Hobbyists This model is perfect for painters looking to bring a fierce character to life. The detailed musculature, cloth wraps, and armor textures make it a rewarding piece for both beginners and experienced painters. 📜 Licensing & Credits This miniature is officially licensed for physical sale. Sculpt & Design: Dungeon Master Shop Promotional Images: Provided by Dungeon Master Shop 📦 Shipping & Handling Securely packaged to prevent damage Processing times listed in shop policies",in_stock,,,https://emperiumforgeworks.com/shop/half-orc-fighter,,https://amplify-d25csy1hf0rl22-ma-productimagesbucketf9909-b84mnfgiccm4.s3.us-east-1.amazonaws.com/products/half-orc-fighter/1780610830574-720X720-Meia_Orc_-_Lutadora__F__-_Com_Logo.png,10.99 USD,,,no,,half-orc-fighter,Emperium Forgeworks,"""Unpainted resin miniature"", ""High-resolution resin print"", ""Fantasy collectible""",Category: Fantasy,https://amplify-d25csy1hf0rl22-ma-productimagesbucketf9909-b84mnfgiccm4.s3.us-east-1.amazonaws.com/products/half-orc-fighter/1780610831040-720X720-Meia_Orc_-_Lutadora__C__-_Com_Logo.png,new,no,,,,,,Resin,,adult,,,,,,,,,,,
heavy-combat-exorcist,Heavy Combat Exorcist,"A towering armored executioner sculpted in brutal gothic style — standing 120mm without base and 145mm fully assembled. This imposing centerpiece features layered plate armor, heavy chains, ornate detailing, and a full arsenal of weapon options. Ideal for painters, collectors, RPG bosses, and heroic‑scale tabletop display. ⚠️ Please Note: This listing is for an UNPAINTED and UNASSEMBLED resin miniature. The painted images shown are official promotional renders to showcase the sculpt’s detail and painting potential. ⚔️ About the MiniatureMassive, highly detailed armored executioner Includes all weapon options shown — no missing parts, no upsells Intricate gothic armor, engravings, and chainwork Dynamic ruin‑themed scenic base included 📦 What You Receive 1x Armored Executioner body 1x Scenic ruined base Full set of weapon options(as shown in marketing images for left and right arms) All parts needed for assembly 🧱 Print QualityPrinted in high-resolution resin for crisp, clean details Carefully cleaned and cured Supports removed with attention to preserving fine detail 📏 Available Sizes120mm figure height without base 145mm full height with scenic base 🧩 Assembly This model ships unassembled and includes every weapon option so you can build it exactly the way you want — glue, magnets, custom poses, or kitbash modifications. You have full creative freedom in how you assemble and configure the final build. 🎨 Recommended UsesDisplay statue or shelf centerpiece Boss monster for RPG campaigns Wargaming proxy for knight‑scale units Painting competition piece Diorama anchor 📜 Licensing & CreditsThis miniature is officially licensed for physical sale. Sculpt & Design: EightLegsMiniatures Promotional Images: Provided by EightLegsMiniatures 📦 Shipping & HandlingSecurely packaged to prevent damage Processing times listed in shop policies",in_stock,,,https://emperiumforgeworks.com/shop/heavy-combat-exorcist,,https://amplify-d25csy1hf0rl22-ma-productimagesbucketf9909-b84mnfgiccm4.s3.us-east-1.amazonaws.com/products/heavy-combat-exorcist/1781356498869-exorcist-1.jpg,89.95 USD,,,no,,heavy-combat-exorcist,Emperium Forgeworks,"""Unpainted resin miniature"", ""High-resolution resin print"", ""Sci-Fi collectible""",Category: Sci-Fi,"https://amplify-d25csy1hf0rl22-ma-productimagesbucketf9909-b84mnfgiccm4.s3.us-east-1.amazonaws.com/products/heavy-combat-exorcist/1781356504086-exorcist-2.jpg,https://amplify-d25csy1hf0rl22-ma-productimagesbucketf9909-b84mnfgiccm4.s3.us-east-1.amazonaws.com/products/heavy-combat-exorcist/1781356507007-exorcist-weapons.jpg",new,no,,,,,,Resin,,adult,,,,,,,,,,,
human-necromancer-champion,Human Necromancer Champion,"Command the battlefield with this grim and imposing Human Necromancer Champion, clad in heavy bone‑forged armor and wielding dark magic. This sculpt blends heroic presence with sinister detail—perfect for RPG villains, elite undead commanders, or centerpiece display models. ⚠️ Please Note: This listing is for an UNPAINTED resin miniature. The painted images shown are official promotional renders to showcase the sculpt’s detail and painting potential. ⚔️ About the MiniatureHighly detailed human necromancer with a cold, intimidating expression Heavy armor adorned with bone plates, skull motifs, and grimdark ornamentation Large shield featuring a serpent‑and‑skull emblem Brutal dark‑fantasy hand axe with jagged, corrupted design Swirling dark magical smoke effects for added atmosphere 🧱 Print QualityPrinted in high-resolution resin for crisp, clean details Carefully cleaned and cured Supports removed with attention to preserving fine detail 📏 Available Sizes32mm (standard tabletop scale) 40mm (heroic scale) 75mm (display scale) 150mm (statue size) Custom sizes are available upon request—please send a message for pricing and availability. 🎨 Perfect ForD&D campaigns (necromancer boss, death knight, corrupted paladin) Pathfinder adventures Grimdark fantasy wargames Painters seeking a dramatic, atmospheric centerpiece 📜 Licensing & CreditsThis miniature is officially licensed for physical sale. Sculpt & Design: The Dungeon Master Shop Promotional Images: Provided by The Dungeon Master Shop 📦 Shipping & HandlingSecurely packaged to prevent damage Processing times listed in shop policies",in_stock,,,https://emperiumforgeworks.com/shop/human-necromancer-champion,,https://amplify-d25csy1hf0rl22-ma-productimagesbucketf9909-b84mnfgiccm4.s3.us-east-1.amazonaws.com/products/human-necromancer-champion/1781357877373-720X720-Humano_Necromancer__F__-_Com_Logo.png,10.99 USD,,,no,,human-necromancer-champion,Emperium Forgeworks,"""Unpainted resin miniature"", ""High-resolution resin print"", ""Fantasy collectible""",Category: Fantasy,https://amplify-d25csy1hf0rl22-ma-productimagesbucketf9909-b84mnfgiccm4.s3.us-east-1.amazonaws.com/products/human-necromancer-champion/1781357879461-720X720-Humano_Necromancer__C__-_Com_Logo.png,new,no,,,,,,Resin,,adult,,,,,,,,,,,
human-warrior,Human Warrior,"A battle‑hardened warrior forged for the front lines. This Human Fighter stands clad in layered steel plate, gripping a massive two‑handed greatsword with the calm discipline of a veteran soldier. Every plate, strap, and cloth fold is sculpted with crisp detail, making this miniature a striking presence on the tabletop or in a display case. Perfect for fighters, champions, mercenaries, elite guards, or heroic adventurers in any fantasy RPG setting. ⚠️ Please Note: This listing is for an UNPAINTED resin miniature. The painted images shown are official promotional renders to showcase the sculpt’s detail and painting potential. ⚔️ About the MiniatureFully armored human warrior with a commanding battlefield stance Massive greatsword with realistic weight and silhouette Reinforced pauldrons, gauntlets, greaves, and layered plate armor Subtle cloth and leather elements for added depth and motion Ideal for frontline characters, elite guards, or heroic NPCs 🧱 Print QualityPrinted in high-resolution resin for crisp, clean details Carefully cleaned and cured Supports removed with attention to preserving fine detail 📏 Available Sizes32mm (standard tabletop scale) 40mm (heroic scale) 75mm (display scale) 150mm (statue size) Custom sizes are available upon request—please send a message for pricing and availability. 🎨 Perfect for:Fighter characters Knights & veteran soldiers City guards & elite wardens Mercenary captains Heroic adventurers Display painting projects 📜 Licensing & CreditsThis miniature is officially licensed for physical sale. Sculpt & Design: The Dungeon Master Shop Promotional Images: Provided by The Dungeon Master Shop 📦 Shipping & HandlingSecurely packaged to prevent damage Processing times listed in shop policies",in_stock,,,https://emperiumforgeworks.com/shop/human-warrior,,https://amplify-d25csy1hf0rl22-ma-productimagesbucketf9909-b84mnfgiccm4.s3.us-east-1.amazonaws.com/products/human-warrior/1781356257728-720X720-Humano_Guerreiro__F__-_Com_Logo.png,10.99 USD,,,no,,human-warrior,Emperium Forgeworks,"""Unpainted resin miniature"", ""High-resolution resin print"", ""Fantasy collectible""",Category: Fantasy,https://amplify-d25csy1hf0rl22-ma-productimagesbucketf9909-b84mnfgiccm4.s3.us-east-1.amazonaws.com/products/human-warrior/1781356259896-720X720-Humano_Guerreiro__C__-_Com_Logo.png,new,no,,,,,,Resin,,adult,,,,,,,,,,,
infernal-demons-and-dark-cultists,Infernal Demons and Dark Cultists,"Hell awaits… and this warband is ready to drag your table straight into it. This infernal collection brings together demons, cultists, and the seductive power of the succubus—each sculpt woven into a single ritual of corruption and fire. Designed as a unified encounter, these models create a complete narrative straight out of the deepest pits of the abyss. ⚠️ Please Note: This listing is for an UNPAINTED resin miniature. The painted images shown are official promotional renders to showcase the sculpt’s detail and painting potential. ⚔️ About the MiniatureComplete infernal‑themed set centered around a succubus summoning ritual Multiple unique characters forming a cohesive dark narrative Highly detailed demonic and human sculpts with strong visual identity Includes melee, ranged, and support roles for balanced encounters Perfect synergy between characters for storytelling and tabletop immersion Ideal for RPG bosses, warband encounters, or display painting 🧩 Included Miniatures👹 Demon WarriorMuscular red‑skinned demon with spiked mace Black armor, horns, tail, and bone‑strewn base Perfect frontline bruiser or elite fiend 🏹 Demon ArcherAgile demon with crossbow Horned, tailed, and adorned with infernal details Excellent ranged threat or ambusher 🔥 SuccubusWinged demoness with horns, tail, and flame‑wreathed base Elegant, dangerous, and central to the ritual theme Ideal boss or centerpiece display model 🧙‍♂️ Summoner CultistHooded cultist with horned mask and dark crystal staff Perfect ritual leader or spellcasting support unit 🛡 Shield CultistCloaked cultist with heavy wooden shield and mace Defensive frontline minion or bodyguard for the summoner 🔗 Man Catcher CultistHooded cultist wielding a spiked man‑catcher polearm Great for capturing PCs, restraining enemies, or adding narrative tension 🧱 Print QualityPrinted in high-resolution resin for crisp, clean details Carefully cleaned and cured Supports removed with attention to preserving fine detail 📏 Available SizesStandard 32mm scale (compatible with tabletop RPGs) Large display sizes available upon request Custom sizes are available upon request—please send a message for pricing and availability. 🎨 Perfect ForD&D, Pathfinder, and dark‑fantasy RPGs Infernal warbands and skirmish games Narrative encounters and boss fights Painters who enjoy skin tones, OSL, fire effects, and demonic textures Display dioramas and ritual scenes 📜 Licensing & CreditsThis miniature is officially licensed for physical sale. Sculpt & Design: The Dungeon Master Shop Promotional Images: Provided by The Dungeon Master Shop 📦 Shipping & HandlingSecurely packaged to prevent damage Processing times listed in shop policies",in_stock,,,https://emperiumforgeworks.com/shop/infernal-demons-and-dark-cultists,,https://amplify-d25csy1hf0rl22-ma-productimagesbucketf9909-b84mnfgiccm4.s3.us-east-1.amazonaws.com/products/infernal-demons-and-dark-cultists/1781359793768-thumbnail.jpg,10.99 USD,,,no,,infernal-demons-and-dark-cultists,Emperium Forgeworks,"""Unpainted resin miniature"", ""High-resolution resin print"", ""Fantasy collectible""",Category: Fantasy,"https://amplify-d25csy1hf0rl22-ma-productimagesbucketf9909-b84mnfgiccm4.s3.us-east-1.amazonaws.com/products/infernal-demons-and-dark-cultists/1781359799685-720X720-succubo__F__-_edited.PNG,https://amplify-d25csy1hf0rl22-ma-productimagesbucketf9909-b84mnfgiccm4.s3.us-east-1.amazonaws.com/products/infernal-demons-and-dark-cultists/1781359800870-720X720-demonio__F__-_Sem_Censura_-_Com_Logo_-_Com_Censura_-_edited.PNG,https://amplify-d25csy1hf0rl22-ma-productimagesbucketf9909-b84mnfgiccm4.s3.us-east-1.amazonaws.com/products/infernal-demons-and-dark-cultists/1781359800724-720X720-demonio__C__-_Com_Logo_-_edited.PNG,https://amplify-d25csy1hf0rl22-ma-productimagesbucketf9909-b84mnfgiccm4.s3.us-east-1.amazonaws.com/products/infernal-demons-and-dark-cultists/1781359801933-720X720-Demonio_Arqueiro__F__-_Com_Logo_-_Com_Censura_-_edited.PNG,https://amplify-d25csy1hf0rl22-ma-productimagesbucketf9909-b84mnfgiccm4.s3.us-east-1.amazonaws.com/products/infernal-demons-and-dark-cultists/1781359801421-720X720-Demonio_Arqueiro__C__-_Com_Logo_-_edited.PNG,https://amplify-d25csy1hf0rl22-ma-productimagesbucketf9909-b84mnfgiccm4.s3.us-east-1.amazonaws.com/products/infernal-demons-and-dark-cultists/1781359876363-720X720-Mestre_Cultista__F__-_Com_Logo_-_Efeito_-_edited.PNG,https://amplify-d25csy1hf0rl22-ma-productimagesbucketf9909-b84mnfgiccm4.s3.us-east-1.amazonaws.com/products/infernal-demons-and-dark-cultists/1781359800110-720X720-Cultista__F__-_Com_Logo_-_edited.PNG,https://amplify-d25csy1hf0rl22-ma-productimagesbucketf9909-b84mnfgiccm4.s3.us-east-1.amazonaws.com/products/infernal-demons-and-dark-cultists/1781359800564-720X720-Cultista_Escudo__F__-_Com_Logo_-_edited.PNG",new,no,,,,,,Resin,,adult,,,,,,,,,,,
ithaqua-wind-walker,Ithaqua Wind-Walker,"A towering 170mm effigy of the Lord of the Frozen Wastes, sculpted by NS Miniatures. Ithaqua stands gaunt and terrible, a skeletal wanderer of the endless night — a being spoken of only in shuddered fragments by those who dwell too near the polar desolation. Legends claim the Wind‑Walker moves with the blizzard itself, a solitary titan whose arrival is heralded not by sound, but by the sudden absence of all warmth and hope. This miniature captures that myth in resin: a figure that feels less crafted and more unearthed. ⚠️ Please Note: This listing is for an UNPAINTED resin miniature. The painted images shown are official promotional renders to showcase the sculpt’s detail and painting potential. ❄️ About the Miniature170mm from base to crown Emaciated, corpse‑like anatomy stretched to inhuman proportions Horned, hollow visage reminiscent of a frozen death‑mask Wind‑torn, tattered forms that suggest motion even in stillness Every line of the sculpt evokes the ancient terror of the North — the sense that something vast, patient, and merciless watches from beyond the veil of the storm. 🧱 Print QualityPrinted in high-resolution resin for crisp, clean details Carefully cleaned and cured Supports removed with attention to preserving fine detail 📏 Available Sizes170mm (native display scale) Custom sizes are available upon request—please send a message for pricing and availability. 🎨 Perfect For PaintersIdeal for atmospheric, narrative painting styles: Frostbitten bone Ethereal glazes Snow‑laden textures High‑contrast lighting to mimic moonlit storms 📜 Licensing & CreditsThis miniature is officially licensed for physical sale. Sculpt & Design: NS Miniatures Promotional Images: Provided by NS Miniatures 📦 Shipping & HandlingSecurely packaged to prevent damage Processing times listed in shop policies",in_stock,,,https://emperiumforgeworks.com/shop/ithaqua-wind-walker,,https://amplify-d25csy1hf0rl22-ma-productimagesbucketf9909-b84mnfgiccm4.s3.us-east-1.amazonaws.com/products/ithaqua-wind-walker/1781360929437-720X720-06.jpg,109.99 USD,,,no,,ithaqua-wind-walker,Emperium Forgeworks,"""Unpainted resin miniature"", ""High-resolution resin print"", ""Horror collectible""",Category: Horror,"https://amplify-d25csy1hf0rl22-ma-productimagesbucketf9909-b84mnfgiccm4.s3.us-east-1.amazonaws.com/products/ithaqua-wind-walker/1781360931526-720X720-05.jpg,https://amplify-d25csy1hf0rl22-ma-productimagesbucketf9909-b84mnfgiccm4.s3.us-east-1.amazonaws.com/products/ithaqua-wind-walker/1781360930131-720X720-01.jpg,https://amplify-d25csy1hf0rl22-ma-productimagesbucketf9909-b84mnfgiccm4.s3.us-east-1.amazonaws.com/products/ithaqua-wind-walker/1781360930022-720X720-Size.jpg,https://amplify-d25csy1hf0rl22-ma-productimagesbucketf9909-b84mnfgiccm4.s3.us-east-1.amazonaws.com/products/ithaqua-wind-walker/1781360930237-720X720-02.jpg,https://amplify-d25csy1hf0rl22-ma-productimagesbucketf9909-b84mnfgiccm4.s3.us-east-1.amazonaws.com/products/ithaqua-wind-walker/1781360930686-720X720-03.jpg,https://amplify-d25csy1hf0rl22-ma-productimagesbucketf9909-b84mnfgiccm4.s3.us-east-1.amazonaws.com/products/ithaqua-wind-walker/1781360929924-720X720-Parts.jpg",new,no,,,,,,Resin,,adult,,,,,,,,,,,
lich-king,Lich King,"Command the dead and bend arcane power to your will with this Lich miniature — an undead sorcerer sculpted with dramatic robes, skeletal detail, and a commanding pose perfect for tabletop villains, display painting, or centerpiece encounters. Whether you’re building a climactic boss fight or adding a sinister figure to your display shelf, this Lich delivers presence, texture, and atmosphere. ⚠️ Please Note: This listing is for an UNPAINTED resin miniature. The painted images shown are official promotional renders to showcase the sculpt’s detail and painting potential. ⚔️ About the Miniature Undead sorcerer with skeletal features and ornate robes Arcane staff, spellcasting pose, or energy effects (varies by sculpt) Layered cloth, bone, and magical motifs ideal for painters Perfect villain, necromancer, or boss encounter for DnD & Pathfinder Works as a display piece for collectors and hobbyists 🧱 Print Quality Printed in high‑resolution resin for crisp, clean details Carefully cleaned and cured Supports removed with attention to preserving fine detail 📏 Available Sizes 32mm (standard tabletop scale) 40mm (heroic scale) 75mm (display scale) 150mm (statue size) Custom sizes are available upon request — please send a message for pricing and availability. 🎨 For Hobbyists This model is a painter’s delight — flowing robes, skeletal anatomy, arcane textures, and magical effects offer endless opportunities for contrast, OSL, and dramatic color schemes. Great for both beginners and advanced painters. 📜 Licensing & Credits This miniature is officially licensed for physical sale. Sculpt & Design: Dungeon Master Shop Promotional Images: Provided by Dungeon Master Shop 📦 Shipping & Handling Securely packaged to prevent damage Fast shipping",in_stock,,,https://emperiumforgeworks.com/shop/lich-king,,https://amplify-d25csy1hf0rl22-ma-productimagesbucketf9909-b84mnfgiccm4.s3.us-east-1.amazonaws.com/products/lich-king/1781560711873-Lich__F__-_Com_Logo.png,10.99 USD,,,no,,lich-king,Emperium Forgeworks,"""Unpainted resin miniature"", ""High-resolution resin print"", ""Fantasy collectible""",Category: Fantasy,https://amplify-d25csy1hf0rl22-ma-productimagesbucketf9909-b84mnfgiccm4.s3.us-east-1.amazonaws.com/products/lich-king/1781560711287-Lich__C__-_Com_Logo.png,new,no,,,,,,Resin,,adult,,,,,,,,,,,
orc-barbarian-miniature,Orc Barbarian Miniature,"Bring savage strength to your tabletop with this Orc Barbarian miniature, a heavily armored warrior wielding a brutal two-handed axe. Designed with incredible detail and a powerful stance, this model is perfect for collectors, painters, and tabletop gamers looking to add a commanding presence to their party or army. ⚠️ Please Note: This listing is for an UNPAINTED resin miniature. The painted images shown are official promotional renders to showcase the sculpt’s detail and painting potential. ⚔️ About the MiniatureHighly detailed Orc Barbarian with massive battle axe Heavy armor and chainmail textures for advanced painting Dynamic, battle-ready pose on a detailed base Ideal for DnD, Pathfinder, and other tabletop RPGs 🧱 Print QualityPrinted in high-resolution resin for crisp, clean details Carefully cleaned and cured Supports removed with attention to preserving fine detail 📏 Available Sizes32mm (standard tabletop scale) 40mm (heroic scale) 75mm (display scale) 150mm (statue size) Custom sizes are available upon request—please send a message for pricing and availability. 🎨 Perfect for PaintersFrom the layered armor to the weathered weapon, this miniature offers a rewarding painting experience with plenty of texture and depth. 📜 Licensing & CreditsThis miniature is officially licensed for physical sale. Sculpt & Design: Dungeon Master Shop Promotional Images: Provided by Dungeon Master Shop 📦 Shipping & HandlingSecurely packaged to prevent damage Processing times listed in shop policies",in_stock,,,https://emperiumforgeworks.com/shop/orc-barbarian-miniature,,https://amplify-d25csy1hf0rl22-ma-productimagesbucketf9909-b84mnfgiccm4.s3.us-east-1.amazonaws.com/products/orc-barbarian-miniature/1781383372421-720X720-Guerreiro_-_Orc__F__-_Com_Logo.png,10.99 USD,,,no,,orc-barbarian-miniature,Emperium Forgeworks,"""Unpainted resin miniature"", ""High-resolution resin print"", ""Fantasy collectible""",Category: Fantasy,https://amplify-d25csy1hf0rl22-ma-productimagesbucketf9909-b84mnfgiccm4.s3.us-east-1.amazonaws.com/products/orc-barbarian-miniature/1781383374944-720X720-Guerreiro_-_Orc__C__-_Com_Logo.png,new,no,,,,,,Resin,,adult,,,,,,,,,,,
rugged-demon-hunter,Rugged Demon Hunter,"🗡️ A hardened wanderer forged by countless battles, this grim hooded demon hunter strides across the frontier with a massive greatsword, layered armor, and the presence of a seasoned monster slayer. Loaded with practical gear and sculpted with gritty realism, this miniature is perfect for dark‑fantasy campaigns, gritty protagonists, or display painters looking for a rugged centerpiece. ⚠️ Please Note: This listing is for an UNPAINTED resin miniature. The painted images shown are official promotional renders to showcase the sculpt’s detail and painting potential. ⚔️ About the MiniatureRugged, battle‑hardened anatomy with realistic proportions Massive worn greatsword with convincing weight and weathering Hooded cloak for a mysterious, grim‑hunter silhouette Layered armor with straps, pouches, and adventurer gear Secondary blade at the waist for versatile combat loadout Scenic base featuring dirt, rocks, and natural terrain 🧱 Print QualityPrinted in high-resolution resin for crisp, clean details Carefully cleaned and cured Supports removed with attention to preserving fine detail 📏 Available Sizes32mm (standard tabletop scale) 40mm 75mm (display scale) 150mm (statue size) Custom sizes are available upon request—please send a message for pricing and availability. 🎨 For RPG GamingDemon hunter Human warrior Monster slayer Dark fantasy protagonist Display miniature for painters 📜 Licensing & CreditsThis miniature is officially licensed for physical sale. Sculpt & Design: The Dungeon Master Shop Promotional Images: Provided by The Dungeon Master Shop 📦 Shipping & HandlingSecurely packaged to prevent damage Processing times listed in shop policies",in_stock,,,https://emperiumforgeworks.com/shop/rugged-demon-hunter,,https://amplify-d25csy1hf0rl22-ma-productimagesbucketf9909-b84mnfgiccm4.s3.us-east-1.amazonaws.com/products/rugged-demon-hunter-dark-fantasy-miniature-unpainted-resin-print/1781321608695-720X720-Humano__Guerreiro__F__-_Com_Logo.png,10.99 USD,,,no,,rugged-demon-hunter,Emperium Forgeworks,"""Unpainted resin miniature"", ""High-resolution resin print"", ""Fantasy collectible""",Category: Fantasy,https://amplify-d25csy1hf0rl22-ma-productimagesbucketf9909-b84mnfgiccm4.s3.us-east-1.amazonaws.com/products/rugged-demon-hunter-dark-fantasy-miniature-unpainted-resin-print/1781321610541-720X720-Humano__Guerreiro__C__-_Com_Logo.png,new,no,,,,,,Resin,,adult,,,,,,,,,,,
silver-wardens-legio-purificatus,Silver Wardens - Legio Purificatus,"The Silver Wardens – Legio Purificatus are not soldiers. They are the blade of absolution, the hammer of the divine, the last sound a demon hears before silence claims it. Each warrior is clad in sanctified armor engraved with scripture and bound by oaths older than empires. They march beneath banners of flame and faith, wielding relics forged for one purpose — to purge the unclean. ⚠️ Please Note: This listing is for UNPAINTED and UNASSEMBLED resin miniatures. The painted images shown are official promotional renders to showcase the sculpt’s detail and painting potential. ⚔️ About the MiniatureEverything shown in the images is included: Five elite Wardens, each sculpted with ornate armor, purity seals, and relic iconography Relic blades, thunder hammers, halberds, and sanctified firearms Dynamic poses that radiate righteous aggression and battlefield dominance Perfect for: Demon‑hunting elite armies Proxy Grey Knights / Paladins / Terminator champions Custom heroes, relic bearers, or centerpiece characters Painters who crave ornate detail, deep recesses, and holy menace Collectors who want a squad that looks like it was sculpted inside a burning cathedral 🧱 Print QualityPrinted in high-resolution resin for crisp, clean details Carefully cleaned and cured Supports removed with attention to preserving fine detail 📏 Available Sizes32mm (standard tabletop scale) Custom sizes are available upon request—please send a message for pricing and availability. 🎨 For HobbyistsThis squad is a painter’s battlefield. Expect: Engraved scripture perfect for glow effects, edge highlights, and NMM Cloaks and robes ideal for blending, glazing, and dramatic contrast Deep armor recesses for grimdark shading Weapons begging for radiant OSL, sanctified heat effects, or brutal weathering Enough ornate detail to make every warrior feel like a character piece Whether you’re a beginner seeking a striking centerpiece or a veteran painter chasing the perfect holy glow, this squad rewards every brushstroke. 📜 Licensing & CreditsThis miniature is officially licensed for physical sale. Sculpt & Design: DMG Minis Promotional Images: Provided by DMG Minis 📦 Shipping & HandlingSecurely packaged to prevent damage Processing times listed in shop policies",in_stock,,,https://emperiumforgeworks.com/shop/silver-wardens-legio-purificatus,,https://amplify-d25csy1hf0rl22-ma-productimagesbucketf9909-b84mnfgiccm4.s3.us-east-1.amazonaws.com/products/silver-wardens-legio-purificatus/1783045037388-Purifiers.jpg,64.00 USD,,,no,,silver-wardens-legio-purificatus,Emperium Forgeworks,"""Unpainted resin miniature"", ""High-resolution resin print"", ""Sci-Fi collectible""",Category: Sci-Fi,,new,no,,,,,,Resin,,adult,,,,,,,,,,,
silver-wardens-chaplain-gothic-armored-champion-miniature-licensed-dmg-minis-design,Silver Wardens Chaplain,"⚔️ A commanding battlefield presence, this Silver Warden Chaplain stands as a grim spiritual enforcer—equal parts holy warrior and relentless executioner. Clad in ornate power armor, crowned with a spiked halo, and wielding a sacred mace, this miniature is perfect for tabletop commanders, elite paladins, or grimdark sci‑fantasy forces. ⚠️ Unpainted and unassembled resin miniature. Painted images are official promotional renders from the licensed sculptor. 🧱 Print QualityPringed in 16K resolution with high-quality resin Cleaned, cured, and support‑removed with care Durable resin ideal for painting, gaming, or display 🎨 Perfect ForGrimdark sci‑fantasy wargames RPG campaigns (holy enforcer, zealot commander, divine inquisitor) Painters seeking a dramatic, ornate armored figure Centerpiece characters or elite squad leaders 📜 Licensing & CreditsThis miniature is officially licensed for physical sale. Sculpt & Design: DMG Minis Main Promotional Image: Provided by DMG Minis ⚠️ DisclaimerEmperiumForgeworks is an independent studio and is not affiliated with, endorsed by, or associated with any major miniature or wargaming companies. All models we sell are produced under proper commercial licenses from their respective creators. 📦 ShippingSecurely packaged to protect delicate details Combined shipping available Fast dispatch times",in_stock,,,https://emperiumforgeworks.com/shop/silver-wardens-chaplain-gothic-armored-champion-miniature-licensed-dmg-minis-design,,https://amplify-d25csy1hf0rl22-ma-productimagesbucketf9909-b84mnfgiccm4.s3.us-east-1.amazonaws.com/products/silver-wardens-chaplain-gothic-armored-champion-miniature-licensed-dmg-minis-design/1781294251341-SW_Chap_v2_WM.jpg,15.99 USD,,,no,,silver-wardens-chaplain-gothic-armored-champion-miniature-licensed-dmg-minis-design,Emperium Forgeworks,"""Unpainted resin miniature"", ""High-resolution resin print"", ""Sci-Fi collectible""",Category: Sci-Fi,"https://amplify-d25csy1hf0rl22-ma-productimagesbucketf9909-b84mnfgiccm4.s3.us-east-1.amazonaws.com/products/silver-wardens-chaplain-gothic-armored-champion-miniature-licensed-dmg-minis-design/1781294251706-720X720-new-chap-1.jpg,https://amplify-d25csy1hf0rl22-ma-productimagesbucketf9909-b84mnfgiccm4.s3.us-east-1.amazonaws.com/products/silver-wardens-chaplain-gothic-armored-champion-miniature-licensed-dmg-minis-design/1781294248189-720X720-new-chap-3.jpg,https://amplify-d25csy1hf0rl22-ma-productimagesbucketf9909-b84mnfgiccm4.s3.us-east-1.amazonaws.com/products/silver-wardens-chaplain-gothic-armored-champion-miniature-licensed-dmg-minis-design/1781294248485-DSC_7088.JPG,https://amplify-d25csy1hf0rl22-ma-productimagesbucketf9909-b84mnfgiccm4.s3.us-east-1.amazonaws.com/products/silver-wardens-chaplain-gothic-armored-champion-miniature-licensed-dmg-minis-design/1781294248792-DSC_7089.JPG,https://amplify-d25csy1hf0rl22-ma-productimagesbucketf9909-b84mnfgiccm4.s3.us-east-1.amazonaws.com/products/silver-wardens-chaplain-gothic-armored-champion-miniature-licensed-dmg-minis-design/1781294248991-DSC_7090.JPG,https://amplify-d25csy1hf0rl22-ma-productimagesbucketf9909-b84mnfgiccm4.s3.us-east-1.amazonaws.com/products/silver-wardens-chaplain-gothic-armored-champion-miniature-licensed-dmg-minis-design/1781294249641-DSC_7091.JPG,https://amplify-d25csy1hf0rl22-ma-productimagesbucketf9909-b84mnfgiccm4.s3.us-east-1.amazonaws.com/products/silver-wardens-chaplain-gothic-armored-champion-miniature-licensed-dmg-minis-design/1781294250083-DSC_7093.JPG,https://amplify-d25csy1hf0rl22-ma-productimagesbucketf9909-b84mnfgiccm4.s3.us-east-1.amazonaws.com/products/silver-wardens-chaplain-gothic-armored-champion-miniature-licensed-dmg-minis-design/1781294250487-DSC_7094.JPG,https://amplify-d25csy1hf0rl22-ma-productimagesbucketf9909-b84mnfgiccm4.s3.us-east-1.amazonaws.com/products/silver-wardens-chaplain-gothic-armored-champion-miniature-licensed-dmg-minis-design/1781294250899-DSC_7095.JPG",new,no,,,,,,Resin,,adult,,,,,,,,,,,
silver-wardens-heavy-armor-retinue-heroic-scale-resin-miniatures-optional-upgraded-scenic-bases-licensed-dmg-miniatures,Silver Wardens Heavy Armor Retinue,"🛡️ Bring elite firepower and grim authority to your tabletop with Inquisitor Cortez, accompanied by his Silver Wardens Heavy Armor Squad — a full retinue of heavily armored zealots ready to purge, judge, and enforce. Printed in high‑detail resin, cleaned, cured, and shipped with your choice of: Default bases (included) Upgraded custom textured bases (shown in images) Perfect for display pieces, RPG characters, skirmish wargames, or collectors who want centerpiece‑level sculpts. ⚠️ Unpainted and unassembled resin miniature. Painted images are official promotional renders from the licensed sculptor. ⚙️ What’s Included1× Inquisitor Cortez (with winged servo‑creature) 5× Silver Wardens Heavy Armor Troopers Mixed loadouts: swords, spears, hammers, guns, and heavy armor variants Printed in high‑resolution grey resin Cleaned, cured, and ready for primer Each miniature arrives unassembled, offering maximum flexibility for custom poses, conversions, and kitbash work. Base Options:Default bases (included) Upgraded textured bases (premium urban/industrial style) Sold as a 5‑pack for $10.50 normally Offered here as a discounted upgrade bundle 🖨️ Print QualityHigh‑resolution resin Crisp armor edges, clean weapon details, sharp silhouettes Supports removed, sanded, and fully cured Packed securely for safe shipping from Florida 📦 ShippingShips in protective foam and bubble wrap Tracking included Domestic & international options available 📜 LicensingPrinted under commercial license from DMG Minis. EmperiumForgeworks is an independent studio and is not affiliated with, endorsed by, or associated with any major tabletop or miniature gaming companies. All models are produced under proper commercial licenses from their respective creators.",in_stock,,,https://emperiumforgeworks.com/shop/silver-wardens-heavy-armor-retinue-heroic-scale-resin-miniatures-optional-upgraded-scenic-bases-licensed-dmg-miniatures,,https://amplify-d25csy1hf0rl22-ma-productimagesbucketf9909-b84mnfgiccm4.s3.us-east-1.amazonaws.com/products/silver-wardens-heavy-armor-retinue-heroic-scale-resin-miniatures-optional-upgraded-scenic-bases-licensed-dmg-miniatures/1781295658164-720X720-Cortez_w_retinue_WM.webp,10.99 USD,,,no,,silver-wardens-heavy-armor-retinue-heroic-scale-resin-miniatures-optional-upgraded-scenic-bases-licensed-dmg-miniatures,Emperium Forgeworks,"""Unpainted resin miniature"", ""High-resolution resin print"", ""Sci-Fi collectible""",Category: Sci-Fi,"https://amplify-d25csy1hf0rl22-ma-productimagesbucketf9909-b84mnfgiccm4.s3.us-east-1.amazonaws.com/products/silver-wardens-heavy-armor-retinue-heroic-scale-resin-miniatures-optional-upgraded-scenic-bases-licensed-dmg-miniatures/1781295036748-group-photo.jpg,https://amplify-d25csy1hf0rl22-ma-productimagesbucketf9909-b84mnfgiccm4.s3.us-east-1.amazonaws.com/products/silver-wardens-heavy-armor-retinue-heroic-scale-resin-miniatures-optional-upgraded-scenic-bases-licensed-dmg-miniatures/1781295279773-DSC_7129_edited.JPG,https://amplify-d25csy1hf0rl22-ma-productimagesbucketf9909-b84mnfgiccm4.s3.us-east-1.amazonaws.com/products/silver-wardens-heavy-armor-retinue-heroic-scale-resin-miniatures-optional-upgraded-scenic-bases-licensed-dmg-miniatures/1781295299771-DSC_7148_edited.JPG,https://amplify-d25csy1hf0rl22-ma-productimagesbucketf9909-b84mnfgiccm4.s3.us-east-1.amazonaws.com/products/silver-wardens-heavy-armor-retinue-heroic-scale-resin-miniatures-optional-upgraded-scenic-bases-licensed-dmg-miniatures/1781295321786-DSC_7134_edited.JPG,https://amplify-d25csy1hf0rl22-ma-productimagesbucketf9909-b84mnfgiccm4.s3.us-east-1.amazonaws.com/products/silver-wardens-heavy-armor-retinue-heroic-scale-resin-miniatures-optional-upgraded-scenic-bases-licensed-dmg-miniatures/1781295333519-DSC_7138_edited.JPG,https://amplify-d25csy1hf0rl22-ma-productimagesbucketf9909-b84mnfgiccm4.s3.us-east-1.amazonaws.com/products/silver-wardens-heavy-armor-retinue-heroic-scale-resin-miniatures-optional-upgraded-scenic-bases-licensed-dmg-miniatures/1781295347295-DSC_7135_edited.JPG,https://amplify-d25csy1hf0rl22-ma-productimagesbucketf9909-b84mnfgiccm4.s3.us-east-1.amazonaws.com/products/silver-wardens-heavy-armor-retinue-heroic-scale-resin-miniatures-optional-upgraded-scenic-bases-licensed-dmg-miniatures/1781295356796-DSC_7155_edited.JPG",new,no,,,,,,Resin,,adult,,,,,,,,,,,
silver-wardens-paladin-squad,Silver Wardens Paladin Squad,"Born from the crucible where faith meets fury, the Demon Hunter Paladin Squad stands as a brotherhood of armored executioners — warriors who stride into hell not to survive it, but to cleanse it. These are not mere soldiers. These are sanctified destroyers, clad in scripture‑wrapped war‑plate and armed with relics forged to carve truth into the flesh of the damned. Every model radiates the cold, unshakeable conviction of those who have seen the abyss and chosen to hunt it. ⚠️ Please Note: This listing is for UNPAINTED and UNASSEMBLED resin miniatures. The painted images shown are official promotional renders to showcase the sculpt’s detail and painting potential. ⚔️ About the MiniatureEverything shown in the images is included: Elite Paladins in ornate, rune‑etched armor Relic blades, thunder hammers, halberds, and sanctified firepower An Apothecary bearing the tools of salvation, judgment, and final rites An Ancient carrying the sacred standard — a walking monument of wrath Hooded cloaks, purity seals, chained tomes, relic plates, and heraldic icons Dynamic poses that embody righteous aggression and battlefield dominance This squad is perfect for: Demon‑hunting elite armies Proxy Grey Knights / Paladins / Terminator champions Custom heroes, relic bearers, or centerpiece characters Painters who want ornate detail, dramatic surfaces, and holy menace Collectors seeking a squad that looks like it was sculpted inside a burning cathedral 🧱 Print QualityPrinted in high-resolution resin for crisp, clean details Carefully cleaned and cured Supports removed with attention to preserving fine detail 📏 Available Sizes40mm (Terminator scale) Custom sizes are available upon request—please send a message for pricing and availability. 🎨 For HobbyistsThis squad is a painter’s battlefield. Expect: Engraved scripture perfect for glow effects, edge highlights, and NMM Cloaks and robes ideal for blending, glazing, and dramatic contrast Deep armor recesses for grimdark shading Weapons begging for radiant OSL, sanctified heat effects, or brutal weathering Enough ornate detail to make every warrior feel like a character piece Whether you’re a beginner seeking a striking centerpiece or a veteran painter chasing the perfect holy glow, this squad rewards every brushstroke. 📜 Licensing & CreditsThis miniature is officially licensed for physical sale. Sculpt & Design: DMG Minis Promotional Images: Provided by DMG Minis 📦 Shipping & HandlingSecurely packaged to prevent damage Processing times listed in shop policies",in_stock,,,https://emperiumforgeworks.com/shop/silver-wardens-paladin-squad,,https://amplify-d25csy1hf0rl22-ma-productimagesbucketf9909-b84mnfgiccm4.s3.us-east-1.amazonaws.com/products/silver-wardens-paladin-squad/1783043936914-Paladins2.png,62.99 USD,,,no,,silver-wardens-paladin-squad,Emperium Forgeworks,"""Unpainted resin miniature"", ""High-resolution resin print"", ""Sci-Fi collectible""",Category: Sci-Fi,"https://amplify-d25csy1hf0rl22-ma-productimagesbucketf9909-b84mnfgiccm4.s3.us-east-1.amazonaws.com/products/silver-wardens-paladin-squad/1783043531165-New_Pallys_group_2.jpg,https://amplify-d25csy1hf0rl22-ma-productimagesbucketf9909-b84mnfgiccm4.s3.us-east-1.amazonaws.com/products/silver-wardens-paladin-squad/1783043531617-New_Pallys_group_1.jpg,https://amplify-d25csy1hf0rl22-ma-productimagesbucketf9909-b84mnfgiccm4.s3.us-east-1.amazonaws.com/products/silver-wardens-paladin-squad/1783043531314-New_Pally_1_1.jpg,https://amplify-d25csy1hf0rl22-ma-productimagesbucketf9909-b84mnfgiccm4.s3.us-east-1.amazonaws.com/products/silver-wardens-paladin-squad/1783043531481-New_Pally_1_2.jpg",new,no,,,,,,Resin,,adult,,,,,,,,,,,
skeletal-mage,Skeletal Mage,"Unleash dark arcane energy onto your tabletop with this highly detailed Skeletal Mage / Necromancer miniature, perfect for Dungeons & Dragons, Pathfinder, wargaming, or display collections. Cloaked in tattered crimson robes and gripping a staff crowned with a glowing arcane crystal, this figure brings eerie presence and cinematic flair to any campaign. ⚠️ Please Note: This listing is for an UNPAINTED resin miniature. The painted images shown are official promotional renders to showcase the sculpt’s detail and painting potential. ⚔️ About the MiniatureHighly detailed skeletal mage / necromancer design Arcane staff topped with a crystal - perfect for OSL(Object Source Lighting) effects Tattered robes, scrolls, and runic accessories for rich visual storytelling Dynamic posing ideal for boss encounters or undead armies Perfect for DnD, Pathfinder, and other tabletop RPGs 🧱 Print QualityPrinted in high-resolution resin for crisp, clean details Carefully cleaned and cured Supports removed with attention to preserving fine detail 📏 Available Sizes32mm (standard tabletop scale) 40mm 75mm (display scale) 150mm Custom sizes are available upon request—please send a message for pricing and availability. 🎨 Perfect for Painters This miniature offers a fantastic mix of smooth surfaces and intricate detail—from flowing robes to skeletal features—making it ideal for both subtle shading and high‑contrast painting styles. 📜 Licensing & CreditsThis miniature is officially licensed for physical sale. Sculpt & Design: The Dungeon Master Shop Promotional Images: Provided by The Dungeon Master Shop 📦 Shipping & HandlingSecurely packaged to prevent damage Processing times listed in shop policies",in_stock,,,https://emperiumforgeworks.com/shop/skeletal-mage,,https://amplify-d25csy1hf0rl22-ma-productimagesbucketf9909-b84mnfgiccm4.s3.us-east-1.amazonaws.com/products/skeletal-mage/1781323388597-720X720-Esqueleto_Mago__F__-_Com_Logo.png,10.99 USD,,,no,,skeletal-mage,Emperium Forgeworks,"""Unpainted resin miniature"", ""High-resolution resin print"", ""Fantasy collectible""",Category: Fantasy,https://amplify-d25csy1hf0rl22-ma-productimagesbucketf9909-b84mnfgiccm4.s3.us-east-1.amazonaws.com/products/skeletal-mage/1781323390505-720X720-Esqueleto_Mago__C__-_Com_Logo.png,new,no,,,,,,Resin,,adult,,,,,,,,,,,
skeletal-warbands,Skeletal Warbands,"A disciplined undead force marches from the grave. These Skeletal Warbands give you flexible, affordable infantry formations built from Dungeon Master Shop’s dark fantasy undead line — perfect for army building, encounter prep, or expanding your necromancer’s forces. ⚠️ Please Note: This listing is for an UNPAINTED resin miniature. The painted images shown are official promotional renders to showcase the sculpt’s detail and painting potential. ⚔️ Warband Options1x Knight + 1x Warrior + 1x Spearman A balanced 3‑unit infantry core.1x Knight + 1x Warrior + 1x Spearman + 3x Archers A mixed melee/ranged squad ideal for mid‑tier encounters.1x Knight + 1x Warrior + 3x Spearman A larger frontline formation with extra reach weapons. 1x Knight + 1x Warrior + 3x Spearman + 3 Archers A full 8‑unit warband with both melee density and ranged support. Add‑MinotaurAdd a Skeletal Minotaur to any formation. A towering undead brute that elevates any encounter. 🧱 Print QualityPrinted in high-resolution resin for crisp, clean details Carefully cleaned and cured Supports removed with attention to preserving fine detail 📏 Available SizesDesigned in 32mm scale based on a standard human reference. Scale may vary between models to accurately reflect different proportions commonly found in RPG settings. Custom sizes are available upon request—please send a message for pricing and availability. 🧩 Perfect ForDungeon Masters building undead encounters of any size — from small skirmishes to full warbands Wargamers assembling modular undead infantry blocks for rank‑and‑flank or skirmish systems Necromancer‑themed campaigns needing cohesive, matching units Army builders who want affordable, repeatable skeleton formations Speed‑painting projects where consistent poses and clean prints matter Players running undead PCs, lieutenants, or minions Collectors who want high‑detail undead sculpts without premium pricing 📜 Licensing & CreditsThis miniature is officially licensed for physical sale. Sculpt & Design: Dungeon Master Shop Promotional Images: Provided by Dungeon Master Shop 📦 Shipping & HandlingSecurely packaged to prevent damage Processing times listed in shop policies",in_stock,,,https://emperiumforgeworks.com/shop/skeletal-warbands,,https://amplify-d25csy1hf0rl22-ma-productimagesbucketf9909-b84mnfgiccm4.s3.us-east-1.amazonaws.com/products/skeletal-warbands/1781460990666-skellies_encounter_cover.png,6.99 USD,,,no,,skeletal-warbands,Emperium Forgeworks,"""Unpainted resin miniature"", ""High-resolution resin print"", ""Fantasy collectible""",Category: Fantasy,"https://amplify-d25csy1hf0rl22-ma-productimagesbucketf9909-b84mnfgiccm4.s3.us-east-1.amazonaws.com/products/skeletal-warbands/1781446224853-720X720-Esqueleto_-_Guerreiro__F__-_Com_Logo.png,https://amplify-d25csy1hf0rl22-ma-productimagesbucketf9909-b84mnfgiccm4.s3.us-east-1.amazonaws.com/products/skeletal-warbands/1781446260492-720X720-Esqueleto_Guerreiro__F__-_Com_Logo.png,https://amplify-d25csy1hf0rl22-ma-productimagesbucketf9909-b84mnfgiccm4.s3.us-east-1.amazonaws.com/products/skeletal-warbands/1781446269628-720X720-Esqueleto_Lanceiro__F__-_Com_Logo.png,https://amplify-d25csy1hf0rl22-ma-productimagesbucketf9909-b84mnfgiccm4.s3.us-east-1.amazonaws.com/products/skeletal-warbands/1781446291730-720X720-Esqueleto_Arqueiro__F__-_Com_Logo.png,https://amplify-d25csy1hf0rl22-ma-productimagesbucketf9909-b84mnfgiccm4.s3.us-east-1.amazonaws.com/products/skeletal-warbands/1781446280562-720X720-Minotauro__F__-_Com_Logo.png,https://amplify-d25csy1hf0rl22-ma-productimagesbucketf9909-b84mnfgiccm4.s3.us-east-1.amazonaws.com/products/skeletal-warbands/1781460861406-INF-3.JPG,https://amplify-d25csy1hf0rl22-ma-productimagesbucketf9909-b84mnfgiccm4.s3.us-east-1.amazonaws.com/products/skeletal-warbands/1781460861031-INF-3-RG-3.JPG,https://amplify-d25csy1hf0rl22-ma-productimagesbucketf9909-b84mnfgiccm4.s3.us-east-1.amazonaws.com/products/skeletal-warbands/1781460861617-INF-5.JPG,https://amplify-d25csy1hf0rl22-ma-productimagesbucketf9909-b84mnfgiccm4.s3.us-east-1.amazonaws.com/products/skeletal-warbands/1781460861771-INF-5-RG-3.JPG",new,no,,,,,,Resin,,adult,,,,,,,,,,,
sword-board-warrior,Sword and Shield Warrior,"🛡️ A noble warrior clad in ornate full plate, this Paladin stands as a symbol of honor, discipline, and unwavering resolve. Featuring a raised World Tree heraldic shield, layered armor textures, and a veteran’s stern expression, this miniature is ideal for elite commanders, faction leaders, or centerpiece heroes in any fantasy RPG setting. The scenic rocky base adds depth and realism, making it equally suited for tabletop play or high‑end display painting. ⚠️ Please Note: This listing is for an UNPAINTED resin miniature. The painted images shown are official promotional renders to showcase the sculpt’s detail and painting potential. ⚔️ About the MiniatureHighly detailed heraldic shield with raised World Tree emblem Realistic full plate armor with layered textures and ornate detailing Expressive, veteran‑style facial sculpt Dynamic yet grounded heroic pose Scenic rocky base with vegetation and terrain detail 🧱 Print QualityPrinted in high-resolution resin for crisp, clean details Carefully cleaned and cured Supports removed with attention to preserving fine detail 📏 Available Sizes32mm (standard tabletop scale) 40mm 75mm (display scale) 120mm Custom sizes are available upon request—please send a message for pricing and availability. 🎨 Recommended UsesPaladin characters Human fighters Knight commanders Elite NPCs or faction leaders Display painting projects 📜 Licensing & CreditsThis miniature is officially licensed for physical sale. Sculpt & Design: The Dungeon Master Shop Promotional Images: Provided by The Dungeon Master Shop 📦 Shipping & HandlingSecurely packaged to prevent damage Processing times listed in shop policies",in_stock,,,https://emperiumforgeworks.com/shop/sword-board-warrior,,https://amplify-d25csy1hf0rl22-ma-productimagesbucketf9909-b84mnfgiccm4.s3.us-east-1.amazonaws.com/products/sword-board-warrior/1781325359554-Guerreiro_-_Humano__F__-_Com_Logo.png,10.99 USD,,,no,,sword-board-warrior,Emperium Forgeworks,"""Unpainted resin miniature"", ""High-resolution resin print"", ""Fantasy collectible""",Category: Fantasy,https://amplify-d25csy1hf0rl22-ma-productimagesbucketf9909-b84mnfgiccm4.s3.us-east-1.amazonaws.com/products/sword-board-warrior/1781325361764-720X720-Guerreiro_-_Humano__C__-_Com_Logo.png,new,no,,,,,,Resin,,adult,,,,,,,,,,,
titanic-purple-burrower-miniature,Titanic Purple Burrower Miniature,"🟣 Tearing violently through shattered stone, this towering purple burrower brings one of fantasy’s most iconic underground horrors to life. Armored scales, a cavernous fang‑lined maw, and a dynamic erupting‑from‑the-earth pose make this an unforgettable centerpiece for any tabletop. Perfect for boss encounters, subterranean ambushes, or collectors seeking a dramatic display creature. ⚠️ Please Note: This listing is for an UNPAINTED resin miniature. The painted images shown are official promotional renders to showcase the sculpt’s detail and painting potential. ⚔️ About the MiniatureMassive, terrifying worm‑like monster with armored segmented scales Brutal open maw with exposed fangs and layered teeth Dynamic pose bursting from shattered rocky terrain Highly textured body for exceptional drybrushing and contrast painting Perfect for epic boss fights and high‑level RPG encounters 🧱 Print QualityPrinted in high-resolution resin for crisp, clean details Carefully cleaned and cured Supports removed with attention to preserving fine detail 📏 Available Sizes110mm height (Large/Huge Monster Scale) Custom sizes are available upon request—please send a message for pricing and availability. 🎨 Recommended UsesUnderground boss monster Desert or abyssal horror High‑level encounter centerpiece Display model for painters Perfect for ambush scenes and terrain‑heavy battles 📜 Licensing & CreditsThis miniature is officially licensed for physical sale. Sculpt & Design: The Dungeon Master Shop Promotional Images: Provided by The Dungeon Master Shop 📦 Shipping & HandlingSecurely packaged to prevent damage Processing times listed in shop policies",in_stock,,,https://emperiumforgeworks.com/shop/titanic-purple-burrower-miniature,,https://amplify-d25csy1hf0rl22-ma-productimagesbucketf9909-b84mnfgiccm4.s3.us-east-1.amazonaws.com/products/titanic-purple-burrower-miniature/1781360719844-720X720-Verme_Purpura__F__-_Com_Logo.png,54.99 USD,,,no,,titanic-purple-burrower-miniature,Emperium Forgeworks,"""Unpainted resin miniature"", ""High-resolution resin print"", ""Fantasy collectible""",Category: Fantasy,https://amplify-d25csy1hf0rl22-ma-productimagesbucketf9909-b84mnfgiccm4.s3.us-east-1.amazonaws.com/products/titanic-purple-burrower-miniature/1781360721760-720X720-Verme_Purpura__C__-_Com_Logo.png,new,no,,,,,,Resin,,adult,,,,,,,,,,,
urban-ruins-industrial-rubble-scenic-bases,Urban Ruins / Industrial Rubble Scenic Bases,"🛠 Urban Ruins / Industrial Rubble Scenic Bases — Multi‑Size Packs (25–130mm) Physical Resin Prints • High‑Detail Urban Terrain • Wargaming & RPG Miniatures Bring your minis into the thick of the city ruins — shattered concrete, exposed rebar, broken plating, industrial wreckage, and war‑torn debris. These bases are perfect for grimdark sci‑fi, post‑apocalyptic skirmish games, or any miniature that deserves a gritty urban battlefield. ⚠️ Please Note: This listing is for an UNPAINTED resin miniature. The painted images shown are official promotional renders to showcase the sculpt’s detail and painting potential. 🧱 Print Quality Printed in high-resolution resin for crisp, clean details Carefully cleaned and cured Supports removed with attention to preserving fine detail 📏 Available Sizes & Pack OptionsAll measurements in millimeters (mm). 25mm — 5‑Pack: Urban rubble, cracked pavement, scattered debris. Ideal for infantry. 32mm — 5‑Pack: Broken concrete, metal grates, industrial fragments. Perfect for elite troops or RPG heroes. 40mm — 5‑Pack: Chunked slabs, rebar, collapsed flooring. Great for larger infantry, monsters, or heavy units. 60mm — 2‑Pack: Deep cracks, exposed pipes, structural wreckage. Excellent for bosses or centerpiece minis. 75mm — 3‑Pack: Large rubble fields, collapsed platforms, reinforced plating. Ideal for cavalry or large creatures. 80mm — Single Base: Massive industrial ruin with embedded mechanical elements. 90mm — 3‑Pack: Heavy rubble, broken machinery, multi‑layered terrain. Great for large monsters or walkers. 100mm — 2‑Pack: Cratered concrete, twisted metal, destroyed infrastructure. 130mm — Single Base: A full scenic diorama base — shattered urban zone with major structural collapse. 📜 Licensing & CreditsThis miniature is officially licensed for physical sale. Sculpt & Design: Orc King Promotional Images: Provided by Orc King 📦 Shipping & HandlingSecurely packaged to prevent damage Processing times listed in shop policies",in_stock,,,https://emperiumforgeworks.com/shop/urban-ruins-industrial-rubble-scenic-bases,,https://amplify-d25csy1hf0rl22-ma-productimagesbucketf9909-b84mnfgiccm4.s3.us-east-1.amazonaws.com/products/urban-ruins-industrial-rubble-scenic-bases/1781362250207-720X720-40mmbases.jpg,6.50 USD,,,no,,urban-ruins-industrial-rubble-scenic-bases,Emperium Forgeworks,"""Unpainted resin miniature"", ""High-resolution resin print"", ""Terrain collectible""",Category: Terrain,"https://amplify-d25csy1hf0rl22-ma-productimagesbucketf9909-b84mnfgiccm4.s3.us-east-1.amazonaws.com/products/urban-ruins-industrial-rubble-scenic-bases/1781362390288-base1.jpg,https://amplify-d25csy1hf0rl22-ma-productimagesbucketf9909-b84mnfgiccm4.s3.us-east-1.amazonaws.com/products/urban-ruins-industrial-rubble-scenic-bases/1781362390405-base2.jpg,https://amplify-d25csy1hf0rl22-ma-productimagesbucketf9909-b84mnfgiccm4.s3.us-east-1.amazonaws.com/products/urban-ruins-industrial-rubble-scenic-bases/1781362389657-base3.jpg,https://amplify-d25csy1hf0rl22-ma-productimagesbucketf9909-b84mnfgiccm4.s3.us-east-1.amazonaws.com/products/urban-ruins-industrial-rubble-scenic-bases/1781362389833-base4.jpg,https://amplify-d25csy1hf0rl22-ma-productimagesbucketf9909-b84mnfgiccm4.s3.us-east-1.amazonaws.com/products/urban-ruins-industrial-rubble-scenic-bases/1781362389955-base5.jpg,https://amplify-d25csy1hf0rl22-ma-productimagesbucketf9909-b84mnfgiccm4.s3.us-east-1.amazonaws.com/products/urban-ruins-industrial-rubble-scenic-bases/1781362526414-base6.jpg,https://amplify-d25csy1hf0rl22-ma-productimagesbucketf9909-b84mnfgiccm4.s3.us-east-1.amazonaws.com/products/urban-ruins-industrial-rubble-scenic-bases/1781362390068-base7.jpg,https://amplify-d25csy1hf0rl22-ma-productimagesbucketf9909-b84mnfgiccm4.s3.us-east-1.amazonaws.com/products/urban-ruins-industrial-rubble-scenic-bases/1781362390173-base8.jpg",new,no,,,,,,Resin,,adult,,,,,,,,,,,
vampire-elf-bloodmancer,Vampire Elf Bloodmancer,"🩸 Unleash the power of blood magic with this elegant yet terrifying Vampire Elf Bloodmancer, wielding a massive blood‑forged scythe and sculpted with exquisite dark‑fantasy detail. This model blends seductive mystique with lethal arcane presence, making it a perfect villain, spellcaster, or display centerpiece for your tabletop world. ⚠️ Please Note: This listing is for an UNPAINTED resin miniature. The painted images shown are official promotional renders to showcase the sculpt’s detail and painting potential. ⚔️ About the MiniatureElegant vampire elf bloodmancer with commanding, sinister presence Massive blood‑forged scythe with organic, dripping textures Highly detailed dark‑fantasy outfit with armor, leather, and flowing elements Long, dynamic hair sculpt enhancing the silhouette Perfect centerpiece for vampire encounters, dark mages, or boss fights 🧱 Print QualityPrinted in high-resolution resin for crisp, clean details Carefully cleaned and cured Supports removed with attention to preserving fine detail 📏 Available Sizes32mm (standard tabletop scale) 40mm (heroic scale) 75mm (display scale) 150mm (statue size) Custom sizes are available upon request—please send a message for pricing and availability. 🎨 Recommended UsesVampire spellcaster Blood magic wielder Dark fantasy boss or villain NPC Display miniature for painters 📜 Licensing & CreditsThis miniature is officially licensed for physical sale. Sculpt & Design: The Dungeon Master Shop Promotional Images: Provided by The Dungeon Master Shop 📦 Shipping & HandlingSecurely packaged to prevent damage Processing times listed in shop policies",in_stock,,,https://emperiumforgeworks.com/shop/vampire-elf-bloodmancer,,https://amplify-d25csy1hf0rl22-ma-productimagesbucketf9909-b84mnfgiccm4.s3.us-east-1.amazonaws.com/products/vampire-elf-bloodmancer/1781359320776-720X720-Vampira_Elfa__F__-_Com_Logo.png,10.99 USD,,,no,,vampire-elf-bloodmancer,Emperium Forgeworks,"""Unpainted resin miniature"", ""High-resolution resin print"", ""Fantasy collectible""",Category: Fantasy,https://amplify-d25csy1hf0rl22-ma-productimagesbucketf9909-b84mnfgiccm4.s3.us-east-1.amazonaws.com/products/vampire-elf-bloodmancer/1781359323006-720X720-Vampira_Elfa__C__-_Com_Logo.png,new,no,,,,,,Resin,,adult,,,,,,,,,,,
vampire-themed-scenic-bases,Vampire Themed Scenic Bases,"⚔️ Vampire Themed Scenic Bases – 30mm & 60mm Oval | Unpainted Resin A set of gothic, graveyard‑themed scenic bases featuring cracked stone, broken fencing, and weathered terrain — perfect for vampires, undead warbands, or any dark‑fantasy tabletop setting. ⚠️ Please Note: This listing is for an UNPAINTED resin bases. The painted images shown are official promotional renders to showcase the sculpt’s detail and painting potential. ⚔️ About the Miniature 🧱 Print QualityPrinted in high-resolution resin for crisp, clean details Carefully cleaned and cured Supports removed with attention to preserving fine detail 🧛‍♂️ Vampire Base Pack – 30mm Set (3 Bases) Includes: Cobblestone + fence + skulls Cobblestone only Rock/tombstone terrain ⚰️ Vampire Base Pack – 60mm Set (3 Bases)Includes: Rock formation terrain Skull cluster terrain Large cobblestone/fence variant 🎨 Perfect ForTabletop RPGs (D&D, Pathfinder, etc.) Vampire warbands and undead armies Painters seeking thematic scenic bases Display pieces and collection builds 📜 Licensing & CreditsThis miniature is officially licensed for physical sale. Sculpt & Design: Orc King Promotional Images: Provided by Orc King 📦 Shipping & HandlingSecurely packaged to prevent damage Processing times listed in shop policies",in_stock,,,https://emperiumforgeworks.com/shop/vampire-themed-scenic-bases,,https://amplify-d25csy1hf0rl22-ma-productimagesbucketf9909-b84mnfgiccm4.s3.us-east-1.amazonaws.com/products/vampire-themed-scenic-bases/1781380973917-720X720-bases.jpg,8.99 USD,,,no,,vampire-themed-scenic-bases,Emperium Forgeworks,"""Unpainted resin miniature"", ""High-resolution resin print"", ""Terrain collectible""",Category: Terrain,"https://amplify-d25csy1hf0rl22-ma-productimagesbucketf9909-b84mnfgiccm4.s3.us-east-1.amazonaws.com/products/vampire-themed-scenic-bases/1781380972812-30mm_bases.JPG,https://amplify-d25csy1hf0rl22-ma-productimagesbucketf9909-b84mnfgiccm4.s3.us-east-1.amazonaws.com/products/vampire-themed-scenic-bases/1781380973464-60mm_bases.JPG",new,no,,,,,,Resin,,adult,,,,,,,,,,,
voidbound-knight-paladins-set-sci-fi-armored-warriors-wargame-miniatures,Voidbound Knight Paladins Set,"Unleash the might of the Voidbound Knight Paladins, an elite squad of seven heavily armored sci‑fi warriors designed for tabletop wargames, skirmish encounters, and display painting. Each Paladin features unique weaponry, reinforced power armor, and heroic battlefield poses—perfect for building a cohesive strike team or expanding your army. ⚠️ Please Note: This listing is for UNPAINTED resin miniatures. Assembled: All knights in this collection come fully assembled. ⚔️ About the Miniatures This set includes 7 unique Voidbound Knight Paladins, each with distinct armor patterns, weapons, and poses: Each sculpt features: Intricate sci‑fi armor plating Engraved insignias, purity seals, and text Dynamic combat poses 🧱 Print Quality Printed in high‑resolution resin for crisp, sharp detail Thoroughly cleaned and fully cured Supports removed with attention to fine features 📏 Available Sizes 42mm heroic scale (default) Custom sizes are available upon request—please message for pricing and availability. 🎨 Perfect for Painters & Wargamers These Paladins offer a rich mix of textures—armor plates, weapons, purity seals, cloth tabards, and mechanical components—making them ideal for edge highlighting, weathering, OSL, and high‑contrast sci‑fi paint schemes. 📦 Shipping Secure packaging to protect delicate parts Combined shipping available for multiple items",in_stock,,,https://emperiumforgeworks.com/shop/voidbound-knight-paladins-set-sci-fi-armored-warriors-wargame-miniatures,,https://amplify-d25csy1hf0rl22-ma-productimagesbucketf9909-b84mnfgiccm4.s3.us-east-1.amazonaws.com/products/voidbound-knight-paladins-set-sci-fi-armored-warriors-wargame-miniatures/1781231012062-set-of-7_clean.jpg,10.99 USD,,,no,,voidbound-knight-paladins-set-sci-fi-armored-warriors-wargame-miniatures,Emperium Forgeworks,"""Unpainted resin miniature"", ""High-resolution resin print"", ""Sci-Fi collectible""",Category: Sci-Fi,"https://amplify-d25csy1hf0rl22-ma-productimagesbucketf9909-b84mnfgiccm4.s3.us-east-1.amazonaws.com/products/voidbound-knight-paladins-set-sci-fi-armored-warriors-wargame-miniatures/1781231023300-knight_1.jpg,https://amplify-d25csy1hf0rl22-ma-productimagesbucketf9909-b84mnfgiccm4.s3.us-east-1.amazonaws.com/products/voidbound-knight-paladins-set-sci-fi-armored-warriors-wargame-miniatures/1781231019507-Knight_2.jpg,https://amplify-d25csy1hf0rl22-ma-productimagesbucketf9909-b84mnfgiccm4.s3.us-east-1.amazonaws.com/products/voidbound-knight-paladins-set-sci-fi-armored-warriors-wargame-miniatures/1781231020242-knight_3.jpg,https://amplify-d25csy1hf0rl22-ma-productimagesbucketf9909-b84mnfgiccm4.s3.us-east-1.amazonaws.com/products/voidbound-knight-paladins-set-sci-fi-armored-warriors-wargame-miniatures/1781231020637-knight_4.jpg,https://amplify-d25csy1hf0rl22-ma-productimagesbucketf9909-b84mnfgiccm4.s3.us-east-1.amazonaws.com/products/voidbound-knight-paladins-set-sci-fi-armored-warriors-wargame-miniatures/1781231021099-knight_5.jpg,https://amplify-d25csy1hf0rl22-ma-productimagesbucketf9909-b84mnfgiccm4.s3.us-east-1.amazonaws.com/products/voidbound-knight-paladins-set-sci-fi-armored-warriors-wargame-miniatures/1781231021559-knight_6.jpg,https://amplify-d25csy1hf0rl22-ma-productimagesbucketf9909-b84mnfgiccm4.s3.us-east-1.amazonaws.com/products/voidbound-knight-paladins-set-sci-fi-armored-warriors-wargame-miniatures/1781231022027-knight_7.jpg",new,no,,,,,,Resin,,adult,,,,,,,,,,,
voidbound-knights-7-pack-3d-printed-resin-figurines-unpainted-grimdark-sci-fi-gaming-fantasy-gift,Voidbound Knights,"⚔️ SEVEN Voidbound Knights — 3D Printed Resin Figurine Set | Ready to Paint or Display, Ready to Command. This isn't just a figurine set — it's a statement piece. Seven imposing, battle-forged knights standing in formation, crafted in stunning detail from high-quality resin. WHAT YOU GET: 7 Voidbound Knight figurines — each uniquely posed in full armor Exquisitely detailed 3D resin printed from a 16K resin printer Material: High-quality 3D printed resin (8K) Finish: Grey Style: Sci-fi / dark fantasy / grimdark Great for: Desk display, shelf decor, tabletop gaming, collectors, gift giving IMPORTANT: Knights come fully assembled, with melee weapons provided separately for easy attachment and customization (glue required) WHY COLLECTORS LOVE THESE: Every knight is printed with precision layer detail you can see and feel. The armor plating, cloaks, and helmet visors are all crisp and clean. These aren't mass-produced plastic — each set is made to order by Emperium Forgeworks with care. Perfect gift for sci-fi fans, war gamers, dark fantasy lovers, and anyone who appreciates badass desk decor. 📏 Available Sizes 47mm heroic scale (default) 📦 Shipping & Handling Securely packaged to prevent damage Processing times listed in shop policies",in_stock,,,https://emperiumforgeworks.com/shop/voidbound-knights-7-pack-3d-printed-resin-figurines-unpainted-grimdark-sci-fi-gaming-fantasy-gift,,https://amplify-d25csy1hf0rl22-ma-productimagesbucketf9909-b84mnfgiccm4.s3.us-east-1.amazonaws.com/products/voidbound-knights-7-pack-3d-printed-resin-figurines-unpainted-grimdark-sci-fi-gaming-fantasy-gift/1781231822758-group-photo.jpg,10.99 USD,,,no,,voidbound-knights-7-pack-3d-printed-resin-figurines-unpainted-grimdark-sci-fi-gaming-fantasy-gift,Emperium Forgeworks,"""Unpainted resin miniature"", ""High-resolution resin print"", ""Sci-Fi collectible""",Category: Sci-Fi,"https://amplify-d25csy1hf0rl22-ma-productimagesbucketf9909-b84mnfgiccm4.s3.us-east-1.amazonaws.com/products/voidbound-knights-7-pack-3d-printed-resin-figurines-unpainted-grimdark-sci-fi-gaming-fantasy-gift/1781231740726-knight-1.png,https://amplify-d25csy1hf0rl22-ma-productimagesbucketf9909-b84mnfgiccm4.s3.us-east-1.amazonaws.com/products/voidbound-knights-7-pack-3d-printed-resin-figurines-unpainted-grimdark-sci-fi-gaming-fantasy-gift/1781231740876-knight-2.png,https://amplify-d25csy1hf0rl22-ma-productimagesbucketf9909-b84mnfgiccm4.s3.us-east-1.amazonaws.com/products/voidbound-knights-7-pack-3d-printed-resin-figurines-unpainted-grimdark-sci-fi-gaming-fantasy-gift/1781231741115-knight-3.png,https://amplify-d25csy1hf0rl22-ma-productimagesbucketf9909-b84mnfgiccm4.s3.us-east-1.amazonaws.com/products/voidbound-knights-7-pack-3d-printed-resin-figurines-unpainted-grimdark-sci-fi-gaming-fantasy-gift/1781231741595-knight-4.png,https://amplify-d25csy1hf0rl22-ma-productimagesbucketf9909-b84mnfgiccm4.s3.us-east-1.amazonaws.com/products/voidbound-knights-7-pack-3d-printed-resin-figurines-unpainted-grimdark-sci-fi-gaming-fantasy-gift/1781231742115-knight-5.png,https://amplify-d25csy1hf0rl22-ma-productimagesbucketf9909-b84mnfgiccm4.s3.us-east-1.amazonaws.com/products/voidbound-knights-7-pack-3d-printed-resin-figurines-unpainted-grimdark-sci-fi-gaming-fantasy-gift/1781231742648-knight-6.png,https://amplify-d25csy1hf0rl22-ma-productimagesbucketf9909-b84mnfgiccm4.s3.us-east-1.amazonaws.com/products/voidbound-knights-7-pack-3d-printed-resin-figurines-unpainted-grimdark-sci-fi-gaming-fantasy-gift/1781231739443-knight-7.png,https://amplify-d25csy1hf0rl22-ma-productimagesbucketf9909-b84mnfgiccm4.s3.us-east-1.amazonaws.com/products/voidbound-knights-7-pack-3d-printed-resin-figurines-unpainted-grimdark-sci-fi-gaming-fantasy-gift/1781231740426-Grey_Void_Knight_Scale.png",new,no,,,,,,Resin,,adult,,,,,,,,,,,
